id,name,model_id:id,group_id:id,perm_read,perm_write,perm_create,perm_unlink
utm.access_utm_campaign_user,access_utm_campaign_user,utm.model_utm_campaign,base.group_user,1,0,0,0
utm.access_utm_medium_user,access_utm_medium_user,utm.model_utm_medium,base.group_user,1,0,0,0
utm.access_utm_source_user,access_utm_source_user,utm.model_utm_source,base.group_user,1,0,0,0
utm.access_utm_campaign_manager,access_utm_campaign_user,utm.model_utm_campaign,base.group_erp_manager,1,1,1,1
utm.access_utm_medium_user,access_utm_medium_user,utm.model_utm_medium,base.group_erp_manager,1,1,1,1
utm.access_utm_source_user,access_utm_source_user,utm.model_utm_source,base.group_erp_manager,1,1,1,1
utm.access_utm_campaign,access_utm_campaign,utm.model_utm_campaign,,1,0,0,0
utm.access_utm_medium,access_utm_medium,utm.model_utm_medium,,1,0,0,0
utm.access_utm_source,access_utm_source,utm.model_utm_source,,1,0,0,0
