"id","name","model_id:id","group_id:id","perm_read","perm_write","perm_create","perm_unlink"
access_account_invoice_ede_log_manager,access_account_invoice_ede_log,model_account_move_ede_log,purchase.group_purchase_manager,1,1,1,1
access_account_invoice_ede_log_line_manager,access_account_invoice_ede_log_line,model_account_move_ede_log_line,purchase.group_purchase_manager,1,1,1,1
access_purchase_order_ede_log_manager,access_purchase_order_ede_log,model_purchase_order_ede_log,purchase.group_purchase_manager,1,1,1,1
access_purchase_order_ede_log_line_manager,access_purchase_order_ede_log_line,model_purchase_order_ede_log_line,purchase.group_purchase_manager,1,1,1,1
access_purchase_order_check_user,access_purchase_order_check,model_purchase_order_check,base.group_user,1,1,1,1
access_simulator_sale_user,access_simulator_sale,model_simulator_sale,base.group_user,1,1,1,1
access_simulator_sale_line_user,access_simulator_sale_line,model_simulator_sale_line,base.group_user,1,1,1,1
access_simulator_purchase_user,access_simulator_purchase,model_simulator_purchase,base.group_user,1,1,1,1
access_simulator_purchase_line_user,access_simulator_purchase_line,model_simulator_purchase_line,base.group_user,1,1,1,1
