sCNAE;idAño;nIT;nIMS;nTotal
01;2010;1.50;1.10;2.60
01;2011;1.50;1.10;2.60
01;2013;1.50;1.10;2.60
011;2010;1.50;1.10;2.60
011;2011;1.50;1.10;2.60
011;2013;1.50;1.10;2.60
0111;2010;1.50;1.10;2.60
0111;2011;1.50;1.10;2.60
0111;2013;1.50;1.10;2.60
0112;2010;1.50;1.10;2.60
0112;2011;1.50;1.10;2.60
0112;2013;1.50;1.10;2.60
0113;2010;1.15;1.10;2.25
0113;2011;1.15;1.10;2.25
0113;2013;1.15;1.10;2.25
0114;2010;1.50;1.10;2.60
0114;2011;1.50;1.10;2.60
0114;2013;1.50;1.10;2.60
0115;2010;1.50;1.10;2.60
0115;2011;1.50;1.10;2.60
0115;2013;1.50;1.10;2.60
0116;2010;1.50;1.10;2.60
0116;2011;1.50;1.10;2.60
0116;2013;1.50;1.10;2.60
0119;2010;1.15;1.10;2.25
0119;2011;1.15;1.10;2.25
0119;2013;1.15;1.10;2.25
012;2010;1.50;1.10;2.60
012;2011;1.50;1.10;2.60
012;2013;1.50;1.10;2.60
0121;2010;1.50;1.10;2.60
0121;2011;1.50;1.10;2.60
0121;2013;1.50;1.10;2.60
0122;2010;1.50;1.10;2.60
0122;2011;1.50;1.10;2.60
0122;2013;1.50;1.10;2.60
0123;2010;1.50;1.10;2.60
0123;2011;1.50;1.10;2.60
0123;2013;1.50;1.10;2.60
0124;2010;1.50;1.10;2.60
0124;2011;1.50;1.10;2.60
0124;2013;1.50;1.10;2.60
0125;2010;1.50;1.10;2.60
0125;2011;1.50;1.10;2.60
0125;2013;1.50;1.10;2.60
0126;2010;1.50;1.10;2.60
0126;2011;1.50;1.10;2.60
0126;2013;1.50;1.10;2.60
0127;2010;1.50;1.10;2.60
0127;2011;1.50;1.10;2.60
0127;2013;1.50;1.10;2.60
0128;2010;1.50;1.10;2.60
0128;2011;1.50;1.10;2.60
0128;2013;1.50;1.10;2.60
0129;2010;2.25;2.90;5.15
0129;2011;2.25;2.90;5.15
0129;2013;2.25;2.90;5.15
013;2010;1.50;1.10;2.60
013;2011;1.50;1.10;2.60
013;2013;1.50;1.10;2.60
0130;2010;1.15;1.10;2.25
0130;2011;1.15;1.10;2.25
0130;2013;1.15;1.10;2.25
014;2010;1.80;1.50;3.30
014;2011;1.80;1.50;3.30
014;2013;1.80;1.50;3.30
0141;2010;1.80;1.50;3.30
0141;2011;1.80;1.50;3.30
0141;2013;1.80;1.50;3.30
0142;2010;1.80;1.50;3.30
0142;2011;1.80;1.50;3.30
0142;2013;1.80;1.50;3.30
0143;2010;1.80;1.50;3.30
0143;2011;1.80;1.50;3.30
0143;2013;1.80;1.50;3.30
0144;2010;1.80;1.50;3.30
0144;2011;1.80;1.50;3.30
0144;2013;1.80;1.50;3.30
0145;2010;1.80;1.50;3.30
0145;2011;1.80;1.50;3.30
0145;2013;1.80;1.50;3.30
0146;2010;1.80;1.50;3.30
0146;2011;1.80;1.50;3.30
0146;2013;1.80;1.50;3.30
0147;2010;1.20;1.15;2.35
0147;2011;1.20;1.15;2.35
0147;2013;1.25;1.15;2.40
0149;2010;1.80;1.50;3.30
0149;2011;1.80;1.50;3.30
0149;2013;1.80;1.50;3.30
015;2010;1.60;1.20;2.80
015;2011;1.60;1.20;2.80
015;2013;1.60;1.20;2.80
0150;2010;1.60;1.20;2.80
0150;2011;1.60;1.20;2.80
0150;2013;1.60;1.20;2.80
016;2010;1.60;1.20;2.80
016;2011;1.60;1.20;2.80
016;2013;1.60;1.20;2.80
0161;2010;1.60;1.20;2.80
0161;2011;1.60;1.20;2.80
0161;2013;1.60;1.20;2.80
0162;2010;1.60;1.20;2.80
0162;2011;1.60;1.20;2.80
0162;2013;1.60;1.20;2.80
0163;2010;1.60;1.20;2.80
0163;2011;1.60;1.20;2.80
0163;2013;1.60;1.20;2.80
0164;2010;1.15;1.10;2.25
0164;2011;1.15;1.10;2.25
0164;2013;1.15;1.10;2.25
017;2010;1.80;1.50;3.30
017;2011;1.80;1.50;3.30
017;2013;1.80;1.50;3.30
0170;2010;1.80;1.50;3.30
0170;2011;1.80;1.50;3.30
0170;2013;1.80;1.50;3.30
02;2010;2.25;2.90;5.15
02;2011;2.25;2.90;5.15
02;2013;2.25;2.90;5.15
021;2010;2.25;2.90;5.15
021;2011;2.25;2.90;5.15
021;2013;2.25;2.90;5.15
0210;2010;2.25;2.90;5.15
0210;2011;2.25;2.90;5.15
0210;2013;2.25;2.90;5.15
022;2010;2.25;2.90;5.15
022;2011;2.25;2.90;5.15
022;2013;2.25;2.90;5.15
0220;2010;2.25;2.90;5.15
0220;2011;2.25;2.90;5.15
0220;2013;2.25;2.90;5.15
023;2010;2.25;2.90;5.15
023;2011;2.25;2.90;5.15
023;2013;2.25;2.90;5.15
0230;2010;2.25;2.90;5.15
0230;2011;2.25;2.90;5.15
0230;2013;2.25;2.90;5.15
024;2010;2.25;2.90;5.15
024;2011;2.25;2.90;5.15
024;2013;2.25;2.90;5.15
0240;2010;2.25;2.90;5.15
0240;2011;2.25;2.90;5.15
0240;2013;2.25;2.90;5.15
03;2010;3.05;3.35;6.40
03;2011;3.05;3.35;6.40
03;2013;3.05;3.35;6.40
031;2010;3.05;3.35;6.40
031;2011;3.05;3.35;6.40
031;2013;3.05;3.35;6.40
0311;2010;3.05;3.35;6.40
0311;2011;3.05;3.35;6.40
0311;2013;3.05;3.35;6.40
0312;2010;3.05;3.35;6.40
0312;2011;3.05;3.35;6.40
0312;2013;3.05;3.35;6.40
032;2010;3.05;3.35;6.40
032;2011;3.05;3.35;6.40
032;2013;3.05;3.35;6.40
0321;2010;3.05;3.35;6.40
0321;2011;3.05;3.35;6.40
0321;2013;3.05;3.35;6.40
0322;2010;3.05;3.20;6.25
0322;2011;3.05;3.20;6.25
0322;2013;3.05;3.20;6.25
05;2010;2.30;2.90;5.20
05;2011;2.30;2.90;5.20
05;2013;2.30;2.90;5.20
051;2010;2.30;2.90;5.20
051;2011;2.30;2.90;5.20
051;2013;2.30;2.90;5.20
0510;2010;2.30;2.90;5.20
0510;2011;2.30;2.90;5.20
0510;2013;2.30;2.90;5.20
052;2010;2.30;2.90;5.20
052;2011;2.30;2.90;5.20
052;2013;2.30;2.90;5.20
0520;2010;2.30;2.90;5.20
0520;2011;2.30;2.90;5.20
0520;2013;2.30;2.90;5.20
06;2010;2.30;2.90;5.20
06;2011;2.30;2.90;5.20
06;2013;2.30;2.90;5.20
061;2010;2.30;2.90;5.20
061;2011;2.30;2.90;5.20
061;2013;2.30;2.90;5.20
0610;2010;2.30;2.90;5.20
0610;2011;2.30;2.90;5.20
0610;2013;2.30;2.90;5.20
062;2010;2.30;2.90;5.20
062;2011;2.30;2.90;5.20
062;2013;2.30;2.90;5.20
0620;2010;2.30;2.90;5.20
0620;2011;2.30;2.90;5.20
0620;2013;2.30;2.90;5.20
07;2010;2.30;2.90;5.20
07;2011;2.30;2.90;5.20
07;2013;2.30;2.90;5.20
071;2010;2.30;2.90;5.20
071;2011;2.30;2.90;5.20
071;2013;2.30;2.90;5.20
0710;2010;2.30;2.90;5.20
0710;2011;2.30;2.90;5.20
0710;2013;2.30;2.90;5.20
072;2010;2.30;2.90;5.20
072;2011;2.30;2.90;5.20
072;2013;2.30;2.90;5.20
0721;2010;2.30;2.90;5.20
0721;2011;2.30;2.90;5.20
0721;2013;2.30;2.90;5.20
0729;2010;2.30;2.90;5.20
0729;2011;2.30;2.90;5.20
0729;2013;2.30;2.90;5.20
08;2010;2.30;2.90;5.20
08;2011;2.30;2.90;5.20
08;2013;2.30;2.90;5.20
081;2010;2.30;2.90;5.20
081;2011;2.30;2.90;5.20
081;2013;2.30;2.90;5.20
0811;2010;3.45;3.70;7.15
0811;2011;3.45;3.70;7.15
0811;2013;3.45;3.70;7.15
0812;2010;2.30;2.90;5.20
0812;2011;2.30;2.90;5.20
0812;2013;2.30;2.90;5.20
089;2010;2.30;2.90;5.20
089;2011;2.30;2.90;5.20
089;2013;2.30;2.90;5.20
0891;2010;2.30;2.90;5.20
0891;2011;2.30;2.90;5.20
0891;2013;2.30;2.90;5.20
0892;2010;2.30;2.90;5.20
0892;2011;2.30;2.90;5.20
0892;2013;2.30;2.90;5.20
0893;2010;2.30;2.90;5.20
0893;2011;2.30;2.90;5.20
0893;2013;2.30;2.90;5.20
0899;2010;2.30;2.90;5.20
0899;2011;2.30;2.90;5.20
0899;2013;2.30;2.90;5.20
09;2010;2.30;2.90;5.20
09;2011;2.30;2.90;5.20
09;2013;2.30;2.90;5.20
091;2010;2.30;2.90;5.20
091;2011;2.30;2.90;5.20
091;2013;2.30;2.90;5.20
0910;2010;2.30;2.90;5.20
0910;2011;2.30;2.90;5.20
0910;2013;2.30;2.90;5.20
099;2010;2.30;2.90;5.20
099;2011;2.30;2.90;5.20
099;2013;2.30;2.90;5.20
0990;2010;2.30;2.90;5.20
0990;2011;2.30;2.90;5.20
0990;2013;2.30;2.90;5.20
10;2010;1.60;1.60;3.20
10;2011;1.60;1.60;3.20
10;2013;1.60;1.60;3.20
101;2010;2.00;1.90;3.90
101;2011;2.00;1.90;3.90
101;2013;2.00;1.90;3.90
1011;2010;2.00;1.90;3.90
1011;2011;2.00;1.90;3.90
1011;2013;2.00;1.90;3.90
1012;2010;2.00;1.90;3.90
1012;2011;2.00;1.90;3.90
1012;2013;2.00;1.90;3.90
1013;2010;2.00;1.90;3.90
1013;2011;2.00;1.90;3.90
1013;2013;2.00;1.90;3.90
102;2010;1.80;1.50;3.30
102;2011;1.80;1.50;3.30
102;2013;1.80;1.50;3.30
1021;2010;1.80;1.50;3.30
1021;2011;1.80;1.50;3.30
1021;2013;1.80;1.50;3.30
1022;2010;1.80;1.50;3.30
1022;2011;1.80;1.50;3.30
1022;2013;1.80;1.50;3.30
103;2010;1.60;1.60;3.20
103;2011;1.60;1.60;3.20
103;2013;1.60;1.60;3.20
1031;2010;1.60;1.60;3.20
1031;2011;1.60;1.60;3.20
1031;2013;1.60;1.60;3.20
1032;2010;1.60;1.60;3.20
1032;2011;1.60;1.60;3.20
1032;2013;1.60;1.60;3.20
1039;2010;1.60;1.60;3.20
1039;2011;1.60;1.60;3.20
1039;2013;1.60;1.60;3.20
104;2010;1.60;1.60;3.20
104;2011;1.60;1.60;3.20
104;2013;1.60;1.60;3.20
1042;2010;1.60;1.60;3.20
1042;2011;1.60;1.60;3.20
1042;2013;1.60;1.60;3.20
1043;2010;1.60;1.60;3.20
1043;2011;1.60;1.60;3.20
1043;2013;1.60;1.60;3.20
1044;2010;1.60;1.60;3.20
1044;2011;1.60;1.60;3.20
1044;2013;1.60;1.60;3.20
105;2010;1.60;1.60;3.20
105;2011;1.60;1.60;3.20
105;2013;1.60;1.60;3.20
1052;2010;1.60;1.60;3.20
1052;2011;1.60;1.60;3.20
1052;2013;1.60;1.60;3.20
1053;2010;1.60;1.60;3.20
1053;2011;1.60;1.60;3.20
1053;2013;1.60;1.60;3.20
1054;2010;1.60;1.60;3.20
1054;2011;1.60;1.60;3.20
1054;2013;1.60;1.60;3.20
106;2010;1.70;1.60;3.30
106;2011;1.70;1.60;3.30
106;2013;1.70;1.60;3.30
1061;2010;1.70;1.60;3.30
1061;2011;1.70;1.60;3.30
1061;2013;1.70;1.60;3.30
1062;2010;1.70;1.60;3.30
1062;2011;1.70;1.60;3.30
1062;2013;1.70;1.60;3.30
107;2010;1.00;0.85;1.85
107;2011;1.00;0.85;1.85
107;2013;1.05;0.90;1.95
1071;2010;1.00;0.85;1.85
1071;2011;1.00;0.85;1.85
1071;2013;1.05;0.90;1.95
1072;2010;1.00;0.85;1.85
1072;2011;1.00;0.85;1.85
1072;2013;1.05;0.90;1.95
1073;2010;1.00;0.85;1.85
1073;2011;1.00;0.85;1.85
1073;2013;1.05;0.90;1.95
108;2010;1.00;0.85;1.85
108;2011;1.00;0.85;1.85
108;2013;1.05;0.90;1.95
1081;2010;1.00;0.85;1.85
1081;2011;1.00;0.85;1.85
1081;2013;1.05;0.90;1.95
1082;2010;1.00;0.85;1.85
1082;2011;1.00;0.85;1.85
1082;2013;1.05;0.90;1.95
1083;2010;1.00;0.85;1.85
1083;2011;1.00;0.85;1.85
1083;2013;1.05;0.90;1.95
1084;2010;1.00;0.85;1.85
1084;2011;1.00;0.85;1.85
1084;2013;1.05;0.90;1.95
1085;2010;1.00;0.85;1.85
1085;2011;1.00;0.85;1.85
1085;2013;1.05;0.90;1.95
1086;2010;1.00;0.85;1.85
1086;2011;1.00;0.85;1.85
1086;2013;1.05;0.90;1.95
1089;2010;1.00;0.85;1.85
1089;2011;1.00;0.85;1.85
1089;2013;1.05;0.90;1.95
109;2010;1.60;1.60;3.20
109;2011;1.60;1.60;3.20
109;2013;1.60;1.60;3.20
1091;2010;1.60;1.60;3.20
1091;2011;1.60;1.60;3.20
1091;2013;1.60;1.60;3.20
1092;2010;1.60;1.60;3.20
1092;2011;1.60;1.60;3.20
1092;2013;1.60;1.60;3.20
11;2010;1.60;1.60;3.20
11;2011;1.60;1.60;3.20
11;2013;1.60;1.60;3.20
110;2010;1.60;1.60;3.20
110;2011;1.60;1.60;3.20
110;2013;1.60;1.60;3.20
1101;2010;1.60;1.60;3.20
1101;2011;1.60;1.60;3.20
1101;2013;1.60;1.60;3.20
1102;2010;1.60;1.60;3.20
1102;2011;1.60;1.60;3.20
1102;2013;1.60;1.60;3.20
1103;2010;1.60;1.60;3.20
1103;2011;1.60;1.60;3.20
1103;2013;1.60;1.60;3.20
1104;2010;1.60;1.60;3.20
1104;2011;1.60;1.60;3.20
1104;2013;1.60;1.60;3.20
1105;2010;1.60;1.60;3.20
1105;2011;1.60;1.60;3.20
1105;2013;1.60;1.60;3.20
1106;2010;1.60;1.60;3.20
1106;2011;1.60;1.60;3.20
1106;2013;1.60;1.60;3.20
1107;2010;1.60;1.60;3.20
1107;2011;1.60;1.60;3.20
1107;2013;1.60;1.60;3.20
12;2010;1.00;0.80;1.80
12;2011;1.00;0.80;1.80
12;2013;1.00;0.80;1.80
120;2010;1.00;0.80;1.80
120;2011;1.00;0.80;1.80
120;2013;1.00;0.80;1.80
1200;2010;1.00;0.80;1.80
1200;2011;1.00;0.80;1.80
1200;2013;1.00;0.80;1.80
13;2010;1.00;0.85;1.85
13;2011;1.00;0.85;1.85
13;2013;1.00;0.85;1.85
131;2010;1.00;0.85;1.85
131;2011;1.00;0.85;1.85
131;2013;1.00;0.85;1.85
1310;2010;1.00;0.85;1.85
1310;2011;1.00;0.85;1.85
1310;2013;1.00;0.85;1.85
132;2010;1.00;0.85;1.85
132;2011;1.00;0.85;1.85
132;2013;1.00;0.85;1.85
1320;2010;1.00;0.85;1.85
1320;2011;1.00;0.85;1.85
1320;2013;1.00;0.85;1.85
133;2010;1.00;0.85;1.85
133;2011;1.00;0.85;1.85
133;2013;1.00;0.85;1.85
1330;2010;1.00;0.85;1.85
1330;2011;1.00;0.85;1.85
1330;2013;1.00;0.85;1.85
139;2010;1.00;0.85;1.85
139;2011;1.00;0.85;1.85
139;2013;1.00;0.85;1.85
1391;2010;0.80;0.70;1.50
1391;2011;0.80;0.70;1.50
1391;2013;0.80;0.70;1.50
1392;2010;1.00;0.85;1.85
1392;2011;1.00;0.85;1.85
1392;2013;1.00;0.85;1.85
1393;2010;1.00;0.85;1.85
1393;2011;1.00;0.85;1.85
1393;2013;1.00;0.85;1.85
1394;2010;1.00;0.85;1.85
1394;2011;1.00;0.85;1.85
1394;2013;1.00;0.85;1.85
1395;2010;1.00;0.85;1.85
1395;2011;1.00;0.85;1.85
1395;2013;1.00;0.85;1.85
1396;2010;1.00;0.85;1.85
1396;2011;1.00;0.85;1.85
1396;2013;1.00;0.85;1.85
1399;2010;1.00;0.85;1.85
1399;2011;1.00;0.85;1.85
1399;2013;1.00;0.85;1.85
14;2010;0.50;0.40;0.90
14;2011;0.50;0.40;0.90
14;2013;0.50;0.40;0.90
141;2010;0.50;0.40;0.90
141;2011;0.50;0.40;0.90
141;2013;0.50;0.40;0.90
1411;2010;1.50;1.10;2.60
1411;2011;1.50;1.10;2.60
1411;2013;1.50;1.10;2.60
1412;2010;0.50;0.40;0.90
1412;2011;0.50;0.40;0.90
1412;2013;0.50;0.40;0.90
1413;2010;0.50;0.40;0.90
1413;2011;0.50;0.40;0.90
1413;2013;0.50;0.40;0.90
1414;2010;0.50;0.40;0.90
1414;2011;0.50;0.40;0.90
1414;2013;0.50;0.40;0.90
1419;2010;0.50;0.40;0.90
1419;2011;0.50;0.40;0.90
1419;2013;0.50;0.40;0.90
142;2010;0.50;0.40;0.90
142;2011;0.50;0.40;0.90
142;2013;0.50;0.40;0.90
1420;2010;1.50;1.10;2.60
1420;2011;1.50;1.10;2.60
1420;2013;1.50;1.10;2.60
143;2010;0.80;0.70;1.50
143;2011;0.80;0.70;1.50
143;2013;0.80;0.70;1.50
1431;2010;0.80;0.70;1.50
1431;2011;0.80;0.70;1.50
1431;2013;0.80;0.70;1.50
1439;2010;0.80;0.70;1.50
1439;2011;0.80;0.70;1.50
1439;2013;0.80;0.70;1.50
15;2010;1.50;1.10;2.60
15;2011;1.50;1.10;2.60
15;2013;1.50;1.10;2.60
151;2010;1.50;1.10;2.60
151;2011;1.50;1.10;2.60
151;2013;1.50;1.10;2.60
1511;2010;1.50;1.10;2.60
1511;2011;1.50;1.10;2.60
1511;2013;1.50;1.10;2.60
1512;2010;1.50;1.10;2.60
1512;2011;1.50;1.10;2.60
1512;2013;1.50;1.10;2.60
152;2010;1.50;1.10;2.60
152;2011;1.50;1.10;2.60
152;2013;1.50;1.10;2.60
1520;2010;1.50;1.10;2.60
1520;2011;1.50;1.10;2.60
1520;2013;1.50;1.10;2.60
16;2010;2.25;2.90;5.15
16;2011;2.25;2.90;5.15
16;2013;2.25;2.90;5.15
161;2010;2.25;2.90;5.15
161;2011;2.25;2.90;5.15
161;2013;2.25;2.90;5.15
1610;2010;2.25;2.90;5.15
1610;2011;2.25;2.90;5.15
1610;2013;2.25;2.90;5.15
162;2010;2.25;2.90;5.15
162;2011;2.25;2.90;5.15
162;2013;2.25;2.90;5.15
1621;2010;2.25;2.90;5.15
1621;2011;2.25;2.90;5.15
1621;2013;2.25;2.90;5.15
1622;2010;2.25;2.90;5.15
1622;2011;2.25;2.90;5.15
1622;2013;2.25;2.90;5.15
1623;2010;2.25;2.90;5.15
1623;2011;2.25;2.90;5.15
1623;2013;2.25;2.90;5.15
1624;2010;2.10;2.00;4.10
1624;2011;2.10;2.00;4.10
1624;2013;2.10;2.00;4.10
1629;2010;2.10;2.00;4.10
1629;2011;2.10;2.00;4.10
1629;2013;2.10;2.00;4.10
17;2010;1.00;1.05;2.05
17;2011;1.00;1.05;2.05
17;2013;1.00;1.05;2.05
171;2010;2.00;1.50;3.50
171;2011;2.00;1.50;3.50
171;2013;2.00;1.50;3.50
1711;2010;2.00;1.50;3.50
1711;2011;2.00;1.50;3.50
1711;2013;2.00;1.50;3.50
1712;2010;2.00;1.50;3.50
1712;2011;2.00;1.50;3.50
1712;2013;2.00;1.50;3.50
172;2010;1.00;1.05;2.05
172;2011;1.00;1.05;2.05
172;2013;1.00;1.05;2.05
1721;2010;1.00;1.05;2.05
1721;2011;1.00;1.05;2.05
1721;2013;1.00;1.05;2.05
1722;2010;1.00;1.05;2.05
1722;2011;1.00;1.05;2.05
1722;2013;1.00;1.05;2.05
1723;2010;1.00;1.05;2.05
1723;2011;1.00;1.05;2.05
1723;2013;1.00;1.05;2.05
1724;2010;1.00;1.05;2.05
1724;2011;1.00;1.05;2.05
1724;2013;1.00;1.05;2.05
1729;2010;1.00;1.05;2.05
1729;2011;1.00;1.05;2.05
1729;2013;1.00;1.05;2.05
18;2010;1.00;1.00;2.00
18;2011;1.00;1.00;2.00
18;2013;1.00;1.00;2.00
181;2010;1.00;1.00;2.00
181;2011;1.00;1.00;2.00
181;2013;1.00;1.00;2.00
1811;2010;1.00;1.00;2.00
1811;2011;1.00;1.00;2.00
1811;2013;1.00;1.00;2.00
1812;2010;1.00;1.00;2.00
1812;2011;1.00;1.00;2.00
1812;2013;1.00;1.00;2.00
1813;2010;1.00;1.00;2.00
1813;2011;1.00;1.00;2.00
1813;2013;1.00;1.00;2.00
1814;2010;1.00;1.00;2.00
1814;2011;1.00;1.00;2.00
1814;2013;1.00;1.00;2.00
182;2010;1.00;1.00;2.00
182;2011;1.00;1.00;2.00
182;2013;1.00;1.00;2.00
1820;2010;1.00;1.00;2.00
1820;2011;1.00;1.00;2.00
1820;2013;1.00;1.00;2.00
19;2010;1.90;2.55;4.45
19;2011;1.90;2.55;4.45
19;2013;1.90;2.55;4.45
191;2010;1.90;2.55;4.45
191;2011;1.90;2.55;4.45
191;2013;1.90;2.55;4.45
1910;2010;1.90;2.55;4.45
1910;2011;1.90;2.55;4.45
1910;2013;1.90;2.55;4.45
192;2010;1.90;2.55;4.45
192;2011;1.90;2.55;4.45
192;2013;1.90;2.55;4.45
1920;2010;1.90;2.55;4.45
1920;2011;1.90;2.55;4.45
1920;2013;1.90;2.55;4.45
20;2010;1.60;1.40;3.00
20;2011;1.60;1.40;3.00
20;2013;1.60;1.40;3.00
201;2010;1.60;1.40;3.00
201;2011;1.60;1.40;3.00
201;2013;1.60;1.40;3.00
2011;2010;1.60;1.40;3.00
2011;2011;1.60;1.40;3.00
2011;2013;1.60;1.40;3.00
2012;2010;1.60;1.40;3.00
2012;2011;1.60;1.40;3.00
2012;2013;1.60;1.40;3.00
2013;2010;1.60;1.40;3.00
2013;2011;1.60;1.40;3.00
2013;2013;1.60;1.40;3.00
2014;2010;1.60;1.40;3.00
2014;2011;1.60;1.40;3.00
2014;2013;1.60;1.40;3.00
2015;2010;1.60;1.40;3.00
2015;2011;1.60;1.40;3.00
2015;2013;1.60;1.40;3.00
2016;2010;1.60;1.40;3.00
2016;2011;1.60;1.40;3.00
2016;2013;1.60;1.40;3.00
2017;2010;1.60;1.40;3.00
2017;2011;1.60;1.40;3.00
2017;2013;1.60;1.40;3.00
202;2010;1.60;1.40;3.00
202;2011;1.60;1.40;3.00
202;2013;1.60;1.40;3.00
2020;2010;1.60;1.40;3.00
2020;2011;1.60;1.40;3.00
2020;2013;1.60;1.40;3.00
203;2010;1.60;1.40;3.00
203;2011;1.60;1.40;3.00
203;2013;1.60;1.40;3.00
2030;2010;1.60;1.40;3.00
2030;2011;1.60;1.40;3.00
2030;2013;1.60;1.40;3.00
204;2010;1.50;1.20;2.70
204;2011;1.50;1.20;2.70
204;2013;1.50;1.20;2.70
2041;2010;1.50;1.20;2.70
2041;2011;1.50;1.20;2.70
2041;2013;1.50;1.20;2.70
2042;2010;1.50;1.20;2.70
2042;2011;1.50;1.20;2.70
2042;2013;1.50;1.20;2.70
205;2010;1.60;1.40;3.00
205;2011;1.60;1.40;3.00
205;2013;1.60;1.40;3.00
2051;2010;1.60;1.40;3.00
2051;2011;1.60;1.40;3.00
2051;2013;1.60;1.40;3.00
2052;2010;1.60;1.40;3.00
2052;2011;1.60;1.40;3.00
2052;2013;1.60;1.40;3.00
2053;2010;1.60;1.40;3.00
2053;2011;1.60;1.40;3.00
2053;2013;1.60;1.40;3.00
2059;2010;1.60;1.40;3.00
2059;2011;1.60;1.40;3.00
2059;2013;1.60;1.40;3.00
206;2010;1.50;1.20;2.70
206;2011;1.50;1.20;2.70
206;2013;1.50;1.20;2.70
2060;2010;1.50;1.20;2.70
2060;2011;1.50;1.20;2.70
2060;2013;1.50;1.20;2.70
21;2010;1.30;1.10;2.40
21;2011;1.30;1.10;2.40
21;2013;1.30;1.10;2.40
211;2010;1.30;1.10;2.40
211;2011;1.30;1.10;2.40
211;2013;1.30;1.10;2.40
2110;2010;1.30;1.10;2.40
2110;2011;1.30;1.10;2.40
2110;2013;1.30;1.10;2.40
212;2010;1.30;1.10;2.40
212;2011;1.30;1.10;2.40
212;2013;1.30;1.10;2.40
2120;2010;1.30;1.10;2.40
2120;2011;1.30;1.10;2.40
2120;2013;1.30;1.10;2.40
22;2010;1.75;1.25;3.00
22;2011;1.75;1.25;3.00
22;2013;1.75;1.25;3.00
221;2010;1.75;1.25;3.00
221;2011;1.75;1.25;3.00
221;2013;1.75;1.25;3.00
2211;2010;1.75;1.25;3.00
2211;2011;1.75;1.25;3.00
2211;2013;1.75;1.25;3.00
2219;2010;1.75;1.25;3.00
2219;2011;1.75;1.25;3.00
2219;2013;1.75;1.25;3.00
222;2010;1.75;1.25;3.00
222;2011;1.75;1.25;3.00
222;2013;1.75;1.25;3.00
2221;2010;1.75;1.25;3.00
2221;2011;1.75;1.25;3.00
2221;2013;1.75;1.25;3.00
2222;2010;1.75;1.25;3.00
2222;2011;1.75;1.25;3.00
2222;2013;1.75;1.25;3.00
2223;2010;1.75;1.25;3.00
2223;2011;1.75;1.25;3.00
2223;2013;1.75;1.25;3.00
2229;2010;1.75;1.25;3.00
2229;2011;1.75;1.25;3.00
2229;2013;1.75;1.25;3.00
23;2010;2.10;2.00;4.10
23;2011;2.10;2.00;4.10
23;2013;2.10;2.00;4.10
231;2010;1.60;1.50;3.10
231;2011;1.60;1.50;3.10
231;2013;1.60;1.50;3.10
2311;2010;1.60;1.50;3.10
2311;2011;1.60;1.50;3.10
2311;2013;1.60;1.50;3.10
2312;2010;1.60;1.50;3.10
2312;2011;1.60;1.50;3.10
2312;2013;1.60;1.50;3.10
2313;2010;1.60;1.50;3.10
2313;2011;1.60;1.50;3.10
2313;2013;1.60;1.50;3.10
2314;2010;1.60;1.50;3.10
2314;2011;1.60;1.50;3.10
2314;2013;1.60;1.50;3.10
2319;2010;1.60;1.50;3.10
2319;2011;1.60;1.50;3.10
2319;2013;1.60;1.50;3.10
232;2010;1.60;1.50;3.10
232;2011;1.60;1.50;3.10
232;2013;1.60;1.50;3.10
2320;2010;1.60;1.50;3.10
2320;2011;1.60;1.50;3.10
2320;2013;1.60;1.50;3.10
233;2010;2.10;2.00;4.10
233;2011;2.10;2.00;4.10
233;2013;2.10;2.00;4.10
2331;2010;1.60;1.50;3.10
2331;2011;1.60;1.50;3.10
2331;2013;1.60;1.50;3.10
2332;2010;2.10;2.00;4.10
2332;2011;2.10;2.00;4.10
2332;2013;2.10;2.00;4.10
234;2010;1.60;1.50;3.10
234;2011;1.60;1.50;3.10
234;2013;1.60;1.50;3.10
2341;2010;1.60;1.50;3.10
2341;2011;1.60;1.50;3.10
2341;2013;1.60;1.50;3.10
2342;2010;1.60;1.50;3.10
2342;2011;1.60;1.50;3.10
2342;2013;1.60;1.50;3.10
2343;2010;1.60;1.50;3.10
2343;2011;1.60;1.50;3.10
2343;2013;1.60;1.50;3.10
2344;2010;1.60;1.50;3.10
2344;2011;1.60;1.50;3.10
2344;2013;1.60;1.50;3.10
2349;2010;1.60;1.50;3.10
2349;2011;1.60;1.50;3.10
2349;2013;1.60;1.50;3.10
235;2010;2.10;2.00;4.10
235;2011;2.10;2.00;4.10
235;2013;2.10;2.00;4.10
2351;2010;2.10;2.00;4.10
2351;2011;2.10;2.00;4.10
2351;2013;2.10;2.00;4.10
2352;2010;2.10;2.00;4.10
2352;2011;2.10;2.00;4.10
2352;2013;2.10;2.00;4.10
236;2010;2.10;2.00;4.10
236;2011;2.10;2.00;4.10
236;2013;2.10;2.00;4.10
2361;2010;2.10;2.00;4.10
2361;2011;2.10;2.00;4.10
2361;2013;2.10;2.00;4.10
2362;2010;2.10;2.00;4.10
2362;2011;2.10;2.00;4.10
2362;2013;2.10;2.00;4.10
2363;2010;2.10;2.00;4.10
2363;2011;2.10;2.00;4.10
2363;2013;2.10;2.00;4.10
2364;2010;2.10;2.00;4.10
2364;2011;2.10;2.00;4.10
2364;2013;2.10;2.00;4.10
2365;2010;2.10;2.00;4.10
2365;2011;2.10;2.00;4.10
2365;2013;2.10;2.00;4.10
2369;2010;2.10;2.00;4.10
2369;2011;2.10;2.00;4.10
2369;2013;2.10;2.00;4.10
237;2010;2.75;3.35;6.10
237;2011;2.75;3.35;6.10
237;2013;2.75;3.35;6.10
2370;2010;2.75;3.35;6.10
2370;2011;2.75;3.35;6.10
2370;2013;2.75;3.35;6.10
239;2010;2.10;2.00;4.10
239;2011;2.10;2.00;4.10
239;2013;2.10;2.00;4.10
2391;2010;2.10;2.00;4.10
2391;2011;2.10;2.00;4.10
2391;2013;2.10;2.00;4.10
2399;2010;2.10;2.00;4.10
2399;2011;2.10;2.00;4.10
2399;2013;2.10;2.00;4.10
24;2010;2.00;1.85;3.85
24;2011;2.00;1.85;3.85
24;2013;2.00;1.85;3.85
241;2010;2.00;1.85;3.85
241;2011;2.00;1.85;3.85
241;2013;2.00;1.85;3.85
2410;2010;2.00;1.85;3.85
2410;2011;2.00;1.85;3.85
2410;2013;2.00;1.85;3.85
242;2010;2.00;1.85;3.85
242;2011;2.00;1.85;3.85
242;2013;2.00;1.85;3.85
2420;2010;2.00;1.85;3.85
2420;2011;2.00;1.85;3.85
2420;2013;2.00;1.85;3.85
243;2010;2.00;1.85;3.85
243;2011;2.00;1.85;3.85
243;2013;2.00;1.85;3.85
2431;2010;2.00;1.85;3.85
2431;2011;2.00;1.85;3.85
2431;2013;2.00;1.85;3.85
2432;2010;2.00;1.85;3.85
2432;2011;2.00;1.85;3.85
2432;2013;2.00;1.85;3.85
2433;2010;2.00;1.85;3.85
2433;2011;2.00;1.85;3.85
2433;2013;2.00;1.85;3.85
2434;2010;2.00;1.85;3.85
2434;2011;2.00;1.85;3.85
2434;2013;2.00;1.85;3.85
244;2010;2.00;1.85;3.85
244;2011;2.00;1.85;3.85
244;2013;2.00;1.85;3.85
2441;2010;2.00;1.85;3.85
2441;2011;2.00;1.85;3.85
2441;2013;2.00;1.85;3.85
2442;2010;2.00;1.85;3.85
2442;2011;2.00;1.85;3.85
2442;2013;2.00;1.85;3.85
2443;2010;2.00;1.85;3.85
2443;2011;2.00;1.85;3.85
2443;2013;2.00;1.85;3.85
2444;2010;2.00;1.85;3.85
2444;2011;2.00;1.85;3.85
2444;2013;2.00;1.85;3.85
2445;2010;2.00;1.85;3.85
2445;2011;2.00;1.85;3.85
2445;2013;2.00;1.85;3.85
2446;2010;2.00;1.85;3.85
2446;2011;2.00;1.85;3.85
2446;2013;2.00;1.85;3.85
245;2010;2.00;1.85;3.85
245;2011;2.00;1.85;3.85
245;2013;2.00;1.85;3.85
2451;2010;2.00;1.85;3.85
2451;2011;2.00;1.85;3.85
2451;2013;2.00;1.85;3.85
2452;2010;2.00;1.85;3.85
2452;2011;2.00;1.85;3.85
2452;2013;2.00;1.85;3.85
2453;2010;2.00;1.85;3.85
2453;2011;2.00;1.85;3.85
2453;2013;2.00;1.85;3.85
2454;2010;2.00;1.85;3.85
2454;2011;2.00;1.85;3.85
2454;2013;2.00;1.85;3.85
25;2010;2.00;1.85;3.85
25;2011;2.00;1.85;3.85
25;2013;2.00;1.85;3.85
251;2010;2.00;1.85;3.85
251;2011;2.00;1.85;3.85
251;2013;2.00;1.85;3.85
2511;2010;2.00;1.85;3.85
2511;2011;2.00;1.85;3.85
2511;2013;2.00;1.85;3.85
2512;2010;2.00;1.85;3.85
2512;2011;2.00;1.85;3.85
2512;2013;2.00;1.85;3.85
252;2010;2.00;1.85;3.85
252;2011;2.00;1.85;3.85
252;2013;2.00;1.85;3.85
2521;2010;2.00;1.85;3.85
2521;2011;2.00;1.85;3.85
2521;2013;2.00;1.85;3.85
2529;2010;2.00;1.85;3.85
2529;2011;2.00;1.85;3.85
2529;2013;2.00;1.85;3.85
253;2010;2.00;1.85;3.85
253;2011;2.00;1.85;3.85
253;2013;2.00;1.85;3.85
2530;2010;2.00;1.85;3.85
2530;2011;2.00;1.85;3.85
2530;2013;2.00;1.85;3.85
254;2010;2.00;1.85;3.85
254;2011;2.00;1.85;3.85
254;2013;2.00;1.85;3.85
2540;2010;2.00;1.85;3.85
2540;2011;2.00;1.85;3.85
2540;2013;2.00;1.85;3.85
255;2010;2.00;1.85;3.85
255;2011;2.00;1.85;3.85
255;2013;2.00;1.85;3.85
2550;2010;2.00;1.85;3.85
2550;2011;2.00;1.85;3.85
2550;2013;2.00;1.85;3.85
256;2010;2.00;1.85;3.85
256;2011;2.00;1.85;3.85
256;2013;2.00;1.85;3.85
2561;2010;2.00;1.85;3.85
2561;2011;2.00;1.85;3.85
2561;2013;2.00;1.85;3.85
2562;2010;2.00;1.85;3.85
2562;2011;2.00;1.85;3.85
2562;2013;2.00;1.85;3.85
257;2010;2.00;1.85;3.85
257;2011;2.00;1.85;3.85
257;2013;2.00;1.85;3.85
2571;2010;2.00;1.85;3.85
2571;2011;2.00;1.85;3.85
2571;2013;2.00;1.85;3.85
2572;2010;2.00;1.85;3.85
2572;2011;2.00;1.85;3.85
2572;2013;2.00;1.85;3.85
2573;2010;2.00;1.85;3.85
2573;2011;2.00;1.85;3.85
2573;2013;2.00;1.85;3.85
259;2010;2.00;1.85;3.85
259;2011;2.00;1.85;3.85
259;2013;2.00;1.85;3.85
2591;2010;2.00;1.85;3.85
2591;2011;2.00;1.85;3.85
2591;2013;2.00;1.85;3.85
2592;2010;2.00;1.85;3.85
2592;2011;2.00;1.85;3.85
2592;2013;2.00;1.85;3.85
2593;2010;2.00;1.85;3.85
2593;2011;2.00;1.85;3.85
2593;2013;2.00;1.85;3.85
2594;2010;2.00;1.85;3.85
2594;2011;2.00;1.85;3.85
2594;2013;2.00;1.85;3.85
2599;2010;2.00;1.85;3.85
2599;2011;2.00;1.85;3.85
2599;2013;2.00;1.85;3.85
26;2010;1.50;1.10;2.60
26;2011;1.50;1.10;2.60
26;2013;1.50;1.10;2.60
261;2010;1.50;1.10;2.60
261;2011;1.50;1.10;2.60
261;2013;1.50;1.10;2.60
2611;2010;1.50;1.10;2.60
2611;2011;1.50;1.10;2.60
2611;2013;1.50;1.10;2.60
2612;2010;1.50;1.10;2.60
2612;2011;1.50;1.10;2.60
2612;2013;1.50;1.10;2.60
262;2010;1.50;1.10;2.60
262;2011;1.50;1.10;2.60
262;2013;1.50;1.10;2.60
2620;2010;1.50;1.10;2.60
2620;2011;1.50;1.10;2.60
2620;2013;1.50;1.10;2.60
263;2010;1.50;1.10;2.60
263;2011;1.50;1.10;2.60
263;2013;1.50;1.10;2.60
2630;2010;1.50;1.10;2.60
2630;2011;1.50;1.10;2.60
2630;2013;1.50;1.10;2.60
264;2010;1.50;1.10;2.60
264;2011;1.50;1.10;2.60
264;2013;1.50;1.10;2.60
2640;2010;1.50;1.10;2.60
2640;2011;1.50;1.10;2.60
2640;2013;1.50;1.10;2.60
265;2010;1.50;1.10;2.60
265;2011;1.50;1.10;2.60
265;2013;1.50;1.10;2.60
2651;2010;1.50;1.10;2.60
2651;2011;1.50;1.10;2.60
2651;2013;1.50;1.10;2.60
2652;2010;1.50;1.10;2.60
2652;2011;1.50;1.10;2.60
2652;2013;1.50;1.10;2.60
266;2010;1.50;1.10;2.60
266;2011;1.50;1.10;2.60
266;2013;1.50;1.10;2.60
2660;2010;1.50;1.10;2.60
2660;2011;1.50;1.10;2.60
2660;2013;1.50;1.10;2.60
267;2010;1.50;1.10;2.60
267;2011;1.50;1.10;2.60
267;2013;1.50;1.10;2.60
2670;2010;1.50;1.10;2.60
2670;2011;1.50;1.10;2.60
2670;2013;1.50;1.10;2.60
268;2010;1.50;1.10;2.60
268;2011;1.50;1.10;2.60
268;2013;1.50;1.10;2.60
2680;2010;1.50;1.10;2.60
2680;2011;1.50;1.10;2.60
2680;2013;1.50;1.10;2.60
27;2010;1.60;1.20;2.80
27;2011;1.60;1.20;2.80
27;2013;1.60;1.20;2.80
271;2010;1.60;1.20;2.80
271;2011;1.60;1.20;2.80
271;2013;1.60;1.20;2.80
2711;2010;1.60;1.20;2.80
2711;2011;1.60;1.20;2.80
2711;2013;1.60;1.20;2.80
2712;2010;1.60;1.20;2.80
2712;2011;1.60;1.20;2.80
2712;2013;1.60;1.20;2.80
272;2010;1.60;1.20;2.80
272;2011;1.60;1.20;2.80
272;2013;1.60;1.20;2.80
2720;2010;1.60;1.20;2.80
2720;2011;1.60;1.20;2.80
2720;2013;1.60;1.20;2.80
273;2010;1.60;1.20;2.80
273;2011;1.60;1.20;2.80
273;2013;1.60;1.20;2.80
2731;2010;1.60;1.20;2.80
2731;2011;1.60;1.20;2.80
2731;2013;1.60;1.20;2.80
2732;2010;1.60;1.20;2.80
2732;2011;1.60;1.20;2.80
2732;2013;1.60;1.20;2.80
2733;2010;1.60;1.20;2.80
2733;2011;1.60;1.20;2.80
2733;2013;1.60;1.20;2.80
274;2010;1.60;1.20;2.80
274;2011;1.60;1.20;2.80
274;2013;1.60;1.20;2.80
2740;2010;1.60;1.20;2.80
2740;2011;1.60;1.20;2.80
2740;2013;1.60;1.20;2.80
275;2010;1.60;1.20;2.80
275;2011;1.60;1.20;2.80
275;2013;1.60;1.20;2.80
2751;2010;1.60;1.20;2.80
2751;2011;1.60;1.20;2.80
2751;2013;1.60;1.20;2.80
2752;2010;1.60;1.20;2.80
2752;2011;1.60;1.20;2.80
2752;2013;1.60;1.20;2.80
279;2010;1.60;1.20;2.80
279;2011;1.60;1.20;2.80
279;2013;1.60;1.20;2.80
2790;2010;1.60;1.20;2.80
2790;2011;1.60;1.20;2.80
2790;2013;1.60;1.20;2.80
28;2010;2.00;1.85;3.85
28;2011;2.00;1.85;3.85
28;2013;2.00;1.85;3.85
281;2010;2.00;1.85;3.85
281;2011;2.00;1.85;3.85
281;2013;2.00;1.85;3.85
2811;2010;2.00;1.85;3.85
2811;2011;2.00;1.85;3.85
2811;2013;2.00;1.85;3.85
2812;2010;2.00;1.85;3.85
2812;2011;2.00;1.85;3.85
2812;2013;2.00;1.85;3.85
2813;2010;2.00;1.85;3.85
2813;2011;2.00;1.85;3.85
2813;2013;2.00;1.85;3.85
2814;2010;2.00;1.85;3.85
2814;2011;2.00;1.85;3.85
2814;2013;2.00;1.85;3.85
2815;2010;2.00;1.85;3.85
2815;2011;2.00;1.85;3.85
2815;2013;2.00;1.85;3.85
282;2010;2.00;1.85;3.85
282;2011;2.00;1.85;3.85
282;2013;2.00;1.85;3.85
2821;2010;2.00;1.85;3.85
2821;2011;2.00;1.85;3.85
2821;2013;2.00;1.85;3.85
2822;2010;2.00;1.85;3.85
2822;2011;2.00;1.85;3.85
2822;2013;2.00;1.85;3.85
2823;2010;2.00;1.85;3.85
2823;2011;2.00;1.85;3.85
2823;2013;2.00;1.85;3.85
2824;2010;2.00;1.85;3.85
2824;2011;2.00;1.85;3.85
2824;2013;2.00;1.85;3.85
2825;2010;2.00;1.85;3.85
2825;2011;2.00;1.85;3.85
2825;2013;2.00;1.85;3.85
2829;2010;2.00;1.85;3.85
2829;2011;2.00;1.85;3.85
2829;2013;2.00;1.85;3.85
283;2010;2.00;1.85;3.85
283;2011;2.00;1.85;3.85
283;2013;2.00;1.85;3.85
2830;2010;2.00;1.85;3.85
2830;2011;2.00;1.85;3.85
2830;2013;2.00;1.85;3.85
284;2010;2.00;1.85;3.85
284;2011;2.00;1.85;3.85
284;2013;2.00;1.85;3.85
2841;2010;2.00;1.85;3.85
2841;2011;2.00;1.85;3.85
2841;2013;2.00;1.85;3.85
2849;2010;2.00;1.85;3.85
2849;2011;2.00;1.85;3.85
2849;2013;2.00;1.85;3.85
289;2010;2.00;1.85;3.85
289;2011;2.00;1.85;3.85
289;2013;2.00;1.85;3.85
2891;2010;2.00;1.85;3.85
2891;2011;2.00;1.85;3.85
2891;2013;2.00;1.85;3.85
2892;2010;2.00;1.85;3.85
2892;2011;2.00;1.85;3.85
2892;2013;2.00;1.85;3.85
2893;2010;2.00;1.85;3.85
2893;2011;2.00;1.85;3.85
2893;2013;2.00;1.85;3.85
2894;2010;2.00;1.85;3.85
2894;2011;2.00;1.85;3.85
2894;2013;2.00;1.85;3.85
2895;2010;2.00;1.85;3.85
2895;2011;2.00;1.85;3.85
2895;2013;2.00;1.85;3.85
2896;2010;2.00;1.85;3.85
2896;2011;2.00;1.85;3.85
2896;2013;2.00;1.85;3.85
2899;2010;2.00;1.85;3.85
2899;2011;2.00;1.85;3.85
2899;2013;2.00;1.85;3.85
29;2010;1.60;1.20;2.80
29;2011;1.60;1.20;2.80
29;2013;1.60;1.20;2.80
291;2010;1.60;1.20;2.80
291;2011;1.60;1.20;2.80
291;2013;1.60;1.20;2.80
2910;2010;1.60;1.20;2.80
2910;2011;1.60;1.20;2.80
2910;2013;1.60;1.20;2.80
292;2010;1.60;1.20;2.80
292;2011;1.60;1.20;2.80
292;2013;1.60;1.20;2.80
2920;2010;1.60;1.20;2.80
2920;2011;1.60;1.20;2.80
2920;2013;1.60;1.20;2.80
293;2010;1.60;1.20;2.80
293;2011;1.60;1.20;2.80
293;2013;1.60;1.20;2.80
2931;2010;1.60;1.20;2.80
2931;2011;1.60;1.20;2.80
2931;2013;1.60;1.20;2.80
2932;2010;1.60;1.20;2.80
2932;2011;1.60;1.20;2.80
2932;2013;1.60;1.20;2.80
30;2010;2.00;1.85;3.85
30;2011;2.00;1.85;3.85
30;2013;2.00;1.85;3.85
301;2010;2.00;1.85;3.85
301;2011;2.00;1.85;3.85
301;2013;2.00;1.85;3.85
3011;2010;2.00;1.85;3.85
3011;2011;2.00;1.85;3.85
3011;2013;2.00;1.85;3.85
3012;2010;2.00;1.85;3.85
3012;2011;2.00;1.85;3.85
3012;2013;2.00;1.85;3.85
302;2010;2.00;1.85;3.85
302;2011;2.00;1.85;3.85
302;2013;2.00;1.85;3.85
3020;2010;2.00;1.85;3.85
3020;2011;2.00;1.85;3.85
3020;2013;2.00;1.85;3.85
303;2010;2.00;1.85;3.85
303;2011;2.00;1.85;3.85
303;2013;2.00;1.85;3.85
3030;2010;2.00;1.85;3.85
3030;2011;2.00;1.85;3.85
3030;2013;2.00;1.85;3.85
304;2010;2.00;1.85;3.85
304;2011;2.00;1.85;3.85
304;2013;2.00;1.85;3.85
3040;2010;2.00;1.85;3.85
3040;2011;2.00;1.85;3.85
3040;2013;2.00;1.85;3.85
309;2010;2.00;1.85;3.85
309;2011;2.00;1.85;3.85
309;2013;2.00;1.85;3.85
3091;2010;1.60;1.20;2.80
3091;2011;1.60;1.20;2.80
3091;2013;1.60;1.20;2.80
3092;2010;1.60;1.20;2.80
3092;2011;1.60;1.20;2.80
3092;2013;1.60;1.20;2.80
3099;2010;2.00;1.85;3.85
3099;2011;2.00;1.85;3.85
3099;2013;2.00;1.85;3.85
31;2010;2.00;1.85;3.85
31;2011;2.00;1.85;3.85
31;2013;2.00;1.85;3.85
310;2010;2.00;1.85;3.85
310;2011;2.00;1.85;3.85
310;2013;2.00;1.85;3.85
3101;2010;2.00;1.85;3.85
3101;2011;2.00;1.85;3.85
3101;2013;2.00;1.85;3.85
3102;2010;2.00;1.85;3.85
3102;2011;2.00;1.85;3.85
3102;2013;2.00;1.85;3.85
3103;2010;2.00;1.85;3.85
3103;2011;2.00;1.85;3.85
3103;2013;2.00;1.85;3.85
3109;2010;2.00;1.85;3.85
3109;2011;2.00;1.85;3.85
3109;2013;2.00;1.85;3.85
32;2010;1.60;1.20;2.80
32;2011;1.60;1.20;2.80
32;2013;1.60;1.20;2.80
321;2010;1.00;0.85;1.85
321;2011;1.00;0.85;1.85
321;2013;1.00;0.85;1.85
3211;2010;1.00;0.85;1.85
3211;2011;1.00;0.85;1.85
3211;2013;1.00;0.85;1.85
3212;2010;1.00;0.85;1.85
3212;2011;1.00;0.85;1.85
3212;2013;1.00;0.85;1.85
3213;2010;1.00;0.85;1.85
3213;2011;1.00;0.85;1.85
3213;2013;1.00;0.85;1.85
322;2010;1.00;0.85;1.85
322;2011;1.00;0.85;1.85
322;2013;1.00;0.85;1.85
3220;2010;1.00;0.85;1.85
3220;2011;1.00;0.85;1.85
3220;2013;1.00;0.85;1.85
323;2010;1.60;1.20;2.80
323;2011;1.60;1.20;2.80
323;2013;1.60;1.20;2.80
3230;2010;1.60;1.20;2.80
3230;2011;1.60;1.20;2.80
3230;2013;1.60;1.20;2.80
324;2010;1.60;1.20;2.80
324;2011;1.60;1.20;2.80
324;2013;1.60;1.20;2.80
3240;2010;1.60;1.20;2.80
3240;2011;1.60;1.20;2.80
3240;2013;1.60;1.20;2.80
325;2010;1.60;1.20;2.80
325;2011;1.60;1.20;2.80
325;2013;1.60;1.20;2.80
3250;2010;1.60;1.20;2.80
3250;2011;1.60;1.20;2.80
3250;2013;1.60;1.20;2.80
329;2010;1.60;1.20;2.80
329;2011;1.60;1.20;2.80
329;2013;1.60;1.20;2.80
3291;2010;1.60;1.20;2.80
3291;2011;1.60;1.20;2.80
3291;2013;1.60;1.20;2.80
3299;2010;1.60;1.20;2.80
3299;2011;1.60;1.20;2.80
3299;2013;1.60;1.20;2.80
33;2010;2.00;1.85;3.85
33;2011;2.00;1.85;3.85
33;2013;2.00;1.85;3.85
331;2010;2.00;1.85;3.85
331;2011;2.00;1.85;3.85
331;2013;2.00;1.85;3.85
3311;2010;2.00;1.85;3.85
3311;2011;2.00;1.85;3.85
3311;2013;2.00;1.85;3.85
3312;2010;2.00;1.85;3.85
3312;2011;2.00;1.85;3.85
3312;2013;2.00;1.85;3.85
3313;2010;1.50;1.10;2.60
3313;2011;1.50;1.10;2.60
3313;2013;1.50;1.10;2.60
3314;2010;1.60;1.20;2.80
3314;2011;1.60;1.20;2.80
3314;2013;1.60;1.20;2.80
3315;2010;2.00;1.85;3.85
3315;2011;2.00;1.85;3.85
3315;2013;2.00;1.85;3.85
3316;2010;2.00;1.85;3.85
3316;2011;2.00;1.85;3.85
3316;2013;2.00;1.85;3.85
3317;2010;2.00;1.85;3.85
3317;2011;2.00;1.85;3.85
3317;2013;2.00;1.85;3.85
3319;2010;2.00;1.85;3.85
3319;2011;2.00;1.85;3.85
3319;2013;2.00;1.85;3.85
332;2010;2.00;1.85;3.85
332;2011;2.00;1.85;3.85
332;2013;2.00;1.85;3.85
3320;2010;2.00;1.85;3.85
3320;2011;2.00;1.85;3.85
3320;2013;2.00;1.85;3.85
35;2010;1.80;1.50;3.30
35;2011;1.80;1.50;3.30
35;2013;1.80;1.50;3.30
351;2010;1.80;1.50;3.30
351;2011;1.80;1.50;3.30
351;2013;1.80;1.50;3.30
3512;2010;1.80;1.50;3.30
3512;2011;1.80;1.50;3.30
3512;2013;1.80;1.50;3.30
3513;2010;1.80;1.50;3.30
3513;2011;1.80;1.50;3.30
3513;2013;1.80;1.50;3.30
3514;2010;1.80;1.50;3.30
3514;2011;1.80;1.50;3.30
3514;2013;1.80;1.50;3.30
3515;2010;1.80;1.50;3.30
3515;2011;1.80;1.50;3.30
3515;2013;1.80;1.50;3.30
3516;2010;1.80;1.50;3.30
3516;2011;1.80;1.50;3.30
3516;2013;1.80;1.50;3.30
3517;2010;1.80;1.50;3.30
3517;2011;1.80;1.50;3.30
3517;2013;1.80;1.50;3.30
3518;2010;1.80;1.50;3.30
3518;2011;1.80;1.50;3.30
3518;2013;1.80;1.50;3.30
3519;2010;1.80;1.50;3.30
3519;2011;1.80;1.50;3.30
3519;2013;1.80;1.50;3.30
352;2010;1.80;1.50;3.30
352;2011;1.80;1.50;3.30
352;2013;1.80;1.50;3.30
3521;2010;1.80;1.50;3.30
3521;2011;1.80;1.50;3.30
3521;2013;1.80;1.50;3.30
3522;2010;1.80;1.50;3.30
3522;2011;1.80;1.50;3.30
3522;2013;1.80;1.50;3.30
3523;2010;1.80;1.50;3.30
3523;2011;1.80;1.50;3.30
3523;2013;1.80;1.50;3.30
353;2010;1.80;1.50;3.30
353;2011;1.80;1.50;3.30
353;2013;1.80;1.50;3.30
3530;2010;1.80;1.50;3.30
3530;2011;1.80;1.50;3.30
3530;2013;1.80;1.50;3.30
36;2010;2.10;1.60;3.70
36;2011;2.10;1.60;3.70
36;2013;2.10;1.60;3.70
360;2010;2.10;1.60;3.70
360;2011;2.10;1.60;3.70
360;2013;2.10;1.60;3.70
3600;2010;2.10;1.60;3.70
3600;2011;2.10;1.60;3.70
3600;2013;2.10;1.60;3.70
37;2010;2.10;1.60;3.70
37;2011;2.10;1.60;3.70
37;2013;2.10;1.60;3.70
370;2010;2.10;1.60;3.70
370;2011;2.10;1.60;3.70
370;2013;2.10;1.60;3.70
3700;2010;2.10;1.60;3.70
3700;2011;2.10;1.60;3.70
3700;2013;2.10;1.60;3.70
38;2010;2.10;1.60;3.70
38;2011;2.10;1.60;3.70
38;2013;2.10;1.60;3.70
381;2010;2.10;1.60;3.70
381;2011;2.10;1.60;3.70
381;2013;2.10;1.60;3.70
3811;2010;2.10;1.60;3.70
3811;2011;2.10;1.60;3.70
3811;2013;2.10;1.60;3.70
3812;2010;2.10;1.60;3.70
3812;2011;2.10;1.60;3.70
3812;2013;2.10;1.60;3.70
382;2010;2.10;1.60;3.70
382;2011;2.10;1.60;3.70
382;2013;2.10;1.60;3.70
3821;2010;2.10;1.60;3.70
3821;2011;2.10;1.60;3.70
3821;2013;2.10;1.60;3.70
3822;2010;2.10;1.60;3.70
3822;2011;2.10;1.60;3.70
3822;2013;2.10;1.60;3.70
383;2010;2.10;1.60;3.70
383;2011;2.10;1.60;3.70
383;2013;2.10;1.60;3.70
3831;2010;2.10;1.60;3.70
3831;2011;2.10;1.60;3.70
3831;2013;2.10;1.60;3.70
3832;2010;2.10;1.60;3.70
3832;2011;2.10;1.60;3.70
3832;2013;2.10;1.60;3.70
39;2010;2.10;1.60;3.70
39;2011;2.10;1.60;3.70
39;2013;2.10;1.60;3.70
390;2010;2.10;1.60;3.70
390;2011;2.10;1.60;3.70
390;2013;2.10;1.60;3.70
3900;2010;2.10;1.60;3.70
3900;2011;2.10;1.60;3.70
3900;2013;2.10;1.60;3.70
41;2010;3.35;3.35;6.70
41;2011;3.35;3.35;6.70
41;2013;3.35;3.35;6.70
411;2010;0.85;0.80;1.65
411;2011;0.85;0.80;1.65
411;2013;0.85;0.80;1.65
4110;2010;0.85;0.80;1.65
4110;2011;0.85;0.80;1.65
4110;2013;0.85;0.80;1.65
412;2010;3.35;3.35;6.70
412;2011;3.35;3.35;6.70
412;2013;3.35;3.35;6.70
4121;2010;3.35;3.35;6.70
4121;2011;3.35;3.35;6.70
4121;2013;3.35;3.35;6.70
4122;2010;3.35;3.35;6.70
4122;2011;3.35;3.35;6.70
4122;2013;3.35;3.35;6.70
42;2010;3.35;3.35;6.70
42;2011;3.35;3.35;6.70
42;2013;3.35;3.35;6.70
421;2010;3.35;3.35;6.70
421;2011;3.35;3.35;6.70
421;2013;3.35;3.35;6.70
4211;2010;3.35;3.35;6.70
4211;2011;3.35;3.35;6.70
4211;2013;3.35;3.35;6.70
4212;2010;3.35;3.35;6.70
4212;2011;3.35;3.35;6.70
4212;2013;3.35;3.35;6.70
4213;2010;3.35;3.35;6.70
4213;2011;3.35;3.35;6.70
4213;2013;3.35;3.35;6.70
422;2010;3.35;3.35;6.70
422;2011;3.35;3.35;6.70
422;2013;3.35;3.35;6.70
4221;2010;3.35;3.35;6.70
4221;2011;3.35;3.35;6.70
4221;2013;3.35;3.35;6.70
4222;2010;3.35;3.35;6.70
4222;2011;3.35;3.35;6.70
4222;2013;3.35;3.35;6.70
429;2010;3.35;3.35;6.70
429;2011;3.35;3.35;6.70
429;2013;3.35;3.35;6.70
4291;2010;3.35;3.35;6.70
4291;2011;3.35;3.35;6.70
4291;2013;3.35;3.35;6.70
4299;2010;3.35;3.35;6.70
4299;2011;3.35;3.35;6.70
4299;2013;3.35;3.35;6.70
43;2010;3.35;3.35;6.70
43;2011;3.35;3.35;6.70
43;2013;3.35;3.35;6.70
431;2010;3.35;3.35;6.70
431;2011;3.35;3.35;6.70
431;2013;3.35;3.35;6.70
4311;2010;3.35;3.35;6.70
4311;2011;3.35;3.35;6.70
4311;2013;3.35;3.35;6.70
4312;2010;3.35;3.35;6.70
4312;2011;3.35;3.35;6.70
4312;2013;3.35;3.35;6.70
4313;2010;3.35;3.35;6.70
4313;2011;3.35;3.35;6.70
4313;2013;3.35;3.35;6.70
432;2010;3.35;3.35;6.70
432;2011;3.35;3.35;6.70
432;2013;3.35;3.35;6.70
4321;2010;3.35;3.35;6.70
4321;2011;3.35;3.35;6.70
4321;2013;3.35;3.35;6.70
4322;2010;3.35;3.35;6.70
4322;2011;3.35;3.35;6.70
4322;2013;3.35;3.35;6.70
4329;2010;3.35;3.35;6.70
4329;2011;3.35;3.35;6.70
4329;2013;3.35;3.35;6.70
433;2010;3.35;3.35;6.70
433;2011;3.35;3.35;6.70
433;2013;3.35;3.35;6.70
4331;2010;3.35;3.35;6.70
4331;2011;3.35;3.35;6.70
4331;2013;3.35;3.35;6.70
4332;2010;3.35;3.35;6.70
4332;2011;3.35;3.35;6.70
4332;2013;3.35;3.35;6.70
4333;2010;3.35;3.35;6.70
4333;2011;3.35;3.35;6.70
4333;2013;3.35;3.35;6.70
4334;2010;3.35;3.35;6.70
4334;2011;3.35;3.35;6.70
4334;2013;3.35;3.35;6.70
4339;2010;3.35;3.35;6.70
4339;2011;3.35;3.35;6.70
4339;2013;3.35;3.35;6.70
439;2010;3.35;3.35;6.70
439;2011;3.35;3.35;6.70
439;2013;3.35;3.35;6.70
4391;2010;3.35;3.35;6.70
4391;2011;3.35;3.35;6.70
4391;2013;3.35;3.35;6.70
4399;2010;3.35;3.35;6.70
4399;2011;3.35;3.35;6.70
4399;2013;3.35;3.35;6.70
45;2010;1.00;1.00;2.00
45;2011;1.00;1.00;2.00
45;2013;1.00;1.05;2.05
451;2010;1.00;1.00;2.00
451;2011;1.00;1.00;2.00
451;2013;1.00;1.05;2.05
4511;2010;1.00;1.00;2.00
4511;2011;1.00;1.00;2.00
4511;2013;1.00;1.05;2.05
4519;2010;1.00;1.00;2.00
4519;2011;1.00;1.00;2.00
4519;2013;1.00;1.05;2.05
452;2010;2.45;2.00;4.45
452;2011;2.45;2.00;4.45
452;2013;2.45;2.05;4.45
4520;2010;2.45;2.00;4.45
4520;2011;2.45;2.00;4.45
4520;2013;2.45;2.05;4.45
453;2010;1.00;1.00;2.00
453;2011;1.00;1.00;2.00
453;2013;1.00;1.05;2.05
4531;2010;1.00;1.00;2.00
4531;2011;1.00;1.00;2.00
4531;2013;1.00;1.05;2.05
4532;2010;1.00;1.00;2.00
4532;2011;1.00;1.00;2.00
4532;2013;1.00;1.05;2.05
454;2010;1.70;1.20;2.90
454;2011;1.70;1.20;2.90
454;2013;1.70;1.20;2.90
4540;2010;1.70;1.20;2.90
4540;2011;1.70;1.20;2.90
4540;2013;1.70;1.20;2.90
46;2010;1.40;1.20;2.60
46;2011;1.40;1.20;2.60
46;2013;1.40;1.20;2.60
461;2010;1.40;1.20;2.60
461;2011;1.40;1.20;2.60
461;2013;1.40;1.20;2.60
4611;2010;1.40;1.20;2.60
4611;2011;1.40;1.20;2.60
4611;2013;1.40;1.20;2.60
4612;2010;1.40;1.20;2.60
4612;2011;1.40;1.20;2.60
4612;2013;1.40;1.20;2.60
4613;2010;1.40;1.20;2.60
4613;2011;1.40;1.20;2.60
4613;2013;1.40;1.20;2.60
4614;2010;1.40;1.20;2.60
4614;2011;1.40;1.20;2.60
4614;2013;1.40;1.20;2.60
4615;2010;1.40;1.20;2.60
4615;2011;1.40;1.20;2.60
4615;2013;1.40;1.20;2.60
4616;2010;1.40;1.20;2.60
4616;2011;1.40;1.20;2.60
4616;2013;1.40;1.20;2.60
4617;2010;1.40;1.20;2.60
4617;2011;1.40;1.20;2.60
4617;2013;1.40;1.20;2.60
4618;2010;1.40;1.20;2.60
4618;2011;1.40;1.20;2.60
4618;2013;1.40;1.20;2.60
4619;2010;1.40;1.20;2.60
4619;2011;1.40;1.20;2.60
4619;2013;1.40;1.20;2.60
462;2010;1.40;1.20;2.60
462;2011;1.40;1.20;2.60
462;2013;1.40;1.20;2.60
4621;2010;1.40;1.20;2.60
4621;2011;1.40;1.20;2.60
4621;2013;1.40;1.20;2.60
4622;2010;1.40;1.20;2.60
4622;2011;1.40;1.20;2.60
4622;2013;1.40;1.20;2.60
4623;2010;1.80;1.50;3.30
4623;2011;1.80;1.50;3.30
4623;2013;1.80;1.50;3.30
4624;2010;1.80;1.50;3.30
4624;2011;1.80;1.50;3.30
4624;2013;1.80;1.50;3.30
463;2010;1.40;1.20;2.60
463;2011;1.40;1.20;2.60
463;2013;1.40;1.20;2.60
4631;2010;1.40;1.20;2.60
4631;2011;1.40;1.20;2.60
4631;2013;1.40;1.20;2.60
4632;2010;1.80;1.50;3.30
4632;2011;1.80;1.50;3.30
4632;2013;1.80;1.50;3.30
4633;2010;1.40;1.20;2.60
4633;2011;1.40;1.20;2.60
4633;2013;1.40;1.20;2.60
4634;2010;1.40;1.20;2.60
4634;2011;1.40;1.20;2.60
4634;2013;1.40;1.20;2.60
4635;2010;1.40;1.20;2.60
4635;2011;1.40;1.20;2.60
4635;2013;1.40;1.20;2.60
4636;2010;1.40;1.20;2.60
4636;2011;1.40;1.20;2.60
4636;2013;1.40;1.20;2.60
4637;2010;1.40;1.20;2.60
4637;2011;1.40;1.20;2.60
4637;2013;1.40;1.20;2.60
4638;2010;1.60;1.40;3.00
4638;2011;1.60;1.40;3.00
4638;2013;1.60;1.40;3.00
4639;2010;1.40;1.20;2.60
4639;2011;1.40;1.20;2.60
4639;2013;1.40;1.20;2.60
464;2010;1.40;1.20;2.60
464;2011;1.40;1.20;2.60
464;2013;1.40;1.20;2.60
4641;2010;1.40;1.20;2.60
4641;2011;1.40;1.20;2.60
4641;2013;1.40;1.20;2.60
4642;2010;1.40;1.20;2.60
4642;2011;1.40;1.20;2.60
4642;2013;1.40;1.20;2.60
4643;2010;1.40;1.20;2.60
4643;2011;1.40;1.20;2.60
4643;2013;1.40;1.20;2.60
4644;2010;1.40;1.20;2.60
4644;2011;1.40;1.20;2.60
4644;2013;1.40;1.20;2.60
4645;2010;1.40;1.20;2.60
4645;2011;1.40;1.20;2.60
4645;2013;1.40;1.20;2.60
4646;2010;1.40;1.20;2.60
4646;2011;1.40;1.20;2.60
4646;2013;1.40;1.20;2.60
4647;2010;1.40;1.20;2.60
4647;2011;1.40;1.20;2.60
4647;2013;1.40;1.20;2.60
4648;2010;1.40;1.20;2.60
4648;2011;1.40;1.20;2.60
4648;2013;1.40;1.20;2.60
4649;2010;1.40;1.20;2.60
4649;2011;1.40;1.20;2.60
4649;2013;1.40;1.20;2.60
465;2010;1.40;1.20;2.60
465;2011;1.40;1.20;2.60
465;2013;1.40;1.20;2.60
4651;2010;1.40;1.20;2.60
4651;2011;1.40;1.20;2.60
4651;2013;1.40;1.20;2.60
4652;2010;1.40;1.20;2.60
4652;2011;1.40;1.20;2.60
4652;2013;1.40;1.20;2.60
466;2010;1.40;1.20;2.60
466;2011;1.40;1.20;2.60
466;2013;1.40;1.20;2.60
4661;2010;1.40;1.20;2.60
4661;2011;1.40;1.20;2.60
4661;2013;1.40;1.20;2.60
4662;2010;1.40;1.20;2.60
4662;2011;1.40;1.20;2.60
4662;2013;1.40;1.20;2.60
4663;2010;1.40;1.20;2.60
4663;2011;1.40;1.20;2.60
4663;2013;1.40;1.20;2.60
4664;2010;1.40;1.20;2.60
4664;2011;1.40;1.20;2.60
4664;2013;1.40;1.20;2.60
4665;2010;1.40;1.20;2.60
4665;2011;1.40;1.20;2.60
4665;2013;1.40;1.20;2.60
4666;2010;1.40;1.20;2.60
4666;2011;1.40;1.20;2.60
4666;2013;1.40;1.20;2.60
4669;2010;1.40;1.20;2.60
4669;2011;1.40;1.20;2.60
4669;2013;1.40;1.20;2.60
467;2010;1.40;1.20;2.60
467;2011;1.40;1.20;2.60
467;2013;1.40;1.20;2.60
4671;2010;1.40;1.20;2.60
4671;2011;1.40;1.20;2.60
4671;2013;1.40;1.20;2.60
4672;2010;1.80;1.50;3.30
4672;2011;1.80;1.50;3.30
4672;2013;1.80;1.50;3.30
4673;2010;1.80;1.50;3.30
4673;2011;1.80;1.50;3.30
4673;2013;1.80;1.50;3.30
4674;2010;1.80;1.55;3.35
4674;2011;1.80;1.55;3.35
4674;2013;1.80;1.55;3.35
4675;2010;1.40;1.20;2.60
4675;2011;1.40;1.20;2.60
4675;2013;1.40;1.20;2.60
4676;2010;1.40;1.20;2.60
4676;2011;1.40;1.20;2.60
4676;2013;1.40;1.20;2.60
4677;2010;1.80;1.55;3.35
4677;2011;1.80;1.55;3.35
4677;2013;1.80;1.55;3.35
469;2010;1.40;1.20;2.60
469;2011;1.40;1.20;2.60
469;2013;1.40;1.20;2.60
4690;2010;1.80;1.55;3.35
4690;2011;1.80;1.55;3.35
4690;2013;1.80;1.55;3.35
47;2010;0.95;0.70;1.65
47;2011;0.95;0.70;1.65
47;2013;0.95;0.70;1.65
471;2010;0.95;0.70;1.65
471;2011;0.95;0.70;1.65
471;2013;0.95;0.70;1.65
4711;2010;0.95;0.70;1.65
4711;2011;0.95;0.70;1.65
4711;2013;0.95;0.70;1.65
4719;2010;0.95;0.70;1.65
4719;2011;0.95;0.70;1.65
4719;2013;0.95;0.70;1.65
472;2010;0.95;0.70;1.65
472;2011;0.95;0.70;1.65
472;2013;0.95;0.70;1.65
4721;2010;0.95;0.70;1.65
4721;2011;0.95;0.70;1.65
4721;2013;0.95;0.70;1.65
4722;2010;0.95;0.70;1.65
4722;2011;0.95;0.70;1.65
4722;2013;0.95;0.70;1.65
4723;2010;0.95;0.70;1.65
4723;2011;0.95;0.70;1.65
4723;2013;0.95;0.70;1.65
4724;2010;0.95;0.70;1.65
4724;2011;0.95;0.70;1.65
4724;2013;0.95;0.70;1.65
4725;2010;0.95;0.70;1.65
4725;2011;0.95;0.70;1.65
4725;2013;0.95;0.70;1.65
4726;2010;0.95;0.70;1.65
4726;2011;0.95;0.70;1.65
4726;2013;0.95;0.70;1.65
4729;2010;0.95;0.70;1.65
4729;2011;0.95;0.70;1.65
4729;2013;0.95;0.70;1.65
473;2010;1.00;0.85;1.85
473;2011;1.00;0.85;1.85
473;2013;1.00;0.85;1.85
4730;2010;1.00;0.85;1.85
4730;2011;1.00;0.85;1.85
4730;2013;1.00;0.85;1.85
474;2010;0.95;0.70;1.65
474;2011;0.95;0.70;1.65
474;2013;0.95;0.70;1.65
4741;2010;0.95;0.70;1.65
4741;2011;0.95;0.70;1.65
4741;2013;0.95;0.70;1.65
4742;2010;0.95;0.70;1.65
4742;2011;0.95;0.70;1.65
4742;2013;0.95;0.70;1.65
4743;2010;0.95;0.70;1.65
4743;2011;0.95;0.70;1.65
4743;2013;0.95;0.70;1.65
475;2010;0.95;0.70;1.65
475;2011;0.95;0.70;1.65
475;2013;0.95;0.70;1.65
4751;2010;0.95;0.70;1.65
4751;2011;0.95;0.70;1.65
4751;2013;0.95;0.70;1.65
4752;2010;0.95;0.70;1.65
4752;2011;0.95;0.70;1.65
4752;2013;0.95;0.70;1.65
4753;2010;0.95;0.70;1.65
4753;2011;0.95;0.70;1.65
4753;2013;0.95;0.70;1.65
4754;2010;0.95;0.70;1.65
4754;2011;0.95;0.70;1.65
4754;2013;0.95;0.70;1.65
4759;2010;0.95;0.70;1.65
4759;2011;0.95;0.70;1.65
4759;2013;0.95;0.70;1.65
476;2010;0.95;0.70;1.65
476;2011;0.95;0.70;1.65
476;2013;0.95;0.70;1.65
4761;2010;0.95;0.70;1.65
4761;2011;0.95;0.70;1.65
4761;2013;0.95;0.70;1.65
4762;2010;0.95;0.70;1.65
4762;2011;0.95;0.70;1.65
4762;2013;0.95;0.70;1.65
4763;2010;0.95;0.70;1.65
4763;2011;0.95;0.70;1.65
4763;2013;0.95;0.70;1.65
4764;2010;0.95;0.70;1.65
4764;2011;0.95;0.70;1.65
4764;2013;0.95;0.70;1.65
4765;2010;0.95;0.70;1.65
4765;2011;0.95;0.70;1.65
4765;2013;0.95;0.70;1.65
477;2010;0.95;0.70;1.65
477;2011;0.95;0.70;1.65
477;2013;0.95;0.70;1.65
4771;2010;0.95;0.70;1.65
4771;2011;0.95;0.70;1.65
4771;2013;0.95;0.70;1.65
4772;2010;0.95;0.70;1.65
4772;2011;0.95;0.70;1.65
4772;2013;0.95;0.70;1.65
4773;2010;0.95;0.70;1.65
4773;2011;0.95;0.70;1.65
4773;2013;0.95;0.70;1.65
4774;2010;0.95;0.70;1.65
4774;2011;0.95;0.70;1.65
4774;2013;0.95;0.70;1.65
4775;2010;0.95;0.70;1.65
4775;2011;0.95;0.70;1.65
4775;2013;0.95;0.70;1.65
4776;2010;0.95;0.70;1.65
4776;2011;0.95;0.70;1.65
4776;2013;0.95;0.70;1.65
4777;2010;0.95;0.70;1.65
4777;2011;0.95;0.70;1.65
4777;2013;0.95;0.70;1.65
4778;2010;0.95;0.70;1.65
4778;2011;0.95;0.70;1.65
4778;2013;0.95;0.70;1.65
4779;2010;0.95;0.70;1.65
4779;2011;0.95;0.70;1.65
4779;2013;0.95;0.70;1.65
478;2010;0.95;0.70;1.65
478;2011;0.95;0.70;1.65
478;2013;0.95;0.70;1.65
4781;2010;0.95;0.70;1.65
4781;2011;0.95;0.70;1.65
4781;2013;0.95;0.70;1.65
4782;2010;0.95;0.70;1.65
4782;2011;0.95;0.70;1.65
4782;2013;0.95;0.70;1.65
4789;2010;0.95;0.70;1.65
4789;2011;0.95;0.70;1.65
4789;2013;0.95;0.70;1.65
479;2010;0.95;0.70;1.65
479;2011;0.95;0.70;1.65
479;2013;0.95;0.70;1.65
4791;2010;0.95;0.70;1.65
4791;2011;0.95;0.70;1.65
4791;2013;0.95;0.70;1.65
4799;2010;0.95;0.70;1.65
4799;2011;0.95;0.70;1.65
4799;2013;0.95;0.70;1.65
49;2010;1.80;1.50;3.30
49;2011;1.80;1.50;3.30
49;2013;1.80;1.50;3.30
491;2010;1.80;1.50;3.30
491;2011;1.80;1.50;3.30
491;2013;1.80;1.50;3.30
4910;2010;1.80;1.50;3.30
4910;2011;1.80;1.50;3.30
4910;2013;1.80;1.50;3.30
492;2010;1.80;1.50;3.30
492;2011;1.80;1.50;3.30
492;2013;1.80;1.50;3.30
4920;2010;1.80;1.50;3.30
4920;2011;1.80;1.50;3.30
4920;2013;1.80;1.50;3.30
493;2010;1.80;1.50;3.30
493;2011;1.80;1.50;3.30
493;2013;1.80;1.50;3.30
4931;2010;1.80;1.50;3.30
4931;2011;1.80;1.50;3.30
4931;2013;1.80;1.50;3.30
4932;2010;1.80;1.50;3.30
4932;2011;1.80;1.50;3.30
4932;2013;1.80;1.50;3.30
4939;2010;1.80;1.50;3.30
4939;2011;1.80;1.50;3.30
4939;2013;1.80;1.50;3.30
494;2010;2.00;1.70;3.70
494;2011;2.00;1.70;3.70
494;2013;2.00;1.70;3.70
4941;2010;2.00;1.70;3.70
4941;2011;2.00;1.70;3.70
4941;2013;2.00;1.70;3.70
4942;2010;2.00;1.70;3.70
4942;2011;2.00;1.70;3.70
4942;2013;2.00;1.70;3.70
495;2010;1.80;1.50;3.30
495;2011;1.80;1.50;3.30
495;2013;1.80;1.50;3.30
4950;2010;1.80;1.50;3.30
4950;2011;1.80;1.50;3.30
4950;2013;1.80;1.50;3.30
50;2010;2.00;1.85;3.85
50;2011;2.00;1.85;3.85
50;2013;2.00;1.85;3.85
501;2010;2.00;1.85;3.85
501;2011;2.00;1.85;3.85
501;2013;2.00;1.85;3.85
5010;2010;2.00;1.85;3.85
5010;2011;2.00;1.85;3.85
5010;2013;2.00;1.85;3.85
502;2010;2.00;1.85;3.85
502;2011;2.00;1.85;3.85
502;2013;2.00;1.85;3.85
5020;2010;2.00;1.85;3.85
5020;2011;2.00;1.85;3.85
5020;2013;2.00;1.85;3.85
503;2010;2.00;1.85;3.85
503;2011;2.00;1.85;3.85
503;2013;2.00;1.85;3.85
5030;2010;2.00;1.85;3.85
5030;2011;2.00;1.85;3.85
5030;2013;2.00;1.85;3.85
504;2010;2.00;1.85;3.85
504;2011;2.00;1.85;3.85
504;2013;2.00;1.85;3.85
5040;2010;2.00;1.85;3.85
5040;2011;2.00;1.85;3.85
5040;2013;2.00;1.85;3.85
51;2010;1.90;1.70;3.60
51;2011;1.90;1.70;3.60
51;2013;1.90;1.70;3.60
511;2010;1.90;1.70;3.60
511;2011;1.90;1.70;3.60
511;2013;1.90;1.70;3.60
5110;2010;1.90;1.70;3.60
5110;2011;1.90;1.70;3.60
5110;2013;1.90;1.70;3.60
512;2010;1.90;1.70;3.60
512;2011;1.90;1.70;3.60
512;2013;1.90;1.70;3.60
5121;2010;1.90;1.70;3.60
5121;2011;1.90;1.70;3.60
5121;2013;1.90;1.70;3.60
5122;2010;1.90;1.70;3.60
5122;2011;1.90;1.70;3.60
5122;2013;1.90;1.70;3.60
52;2010;1.80;1.50;3.30
52;2011;1.80;1.50;3.30
52;2013;1.80;1.50;3.30
521;2010;1.80;1.50;3.30
521;2011;1.80;1.50;3.30
521;2013;1.80;1.50;3.30
5210;2010;1.80;1.50;3.30
5210;2011;1.80;1.50;3.30
5210;2013;1.80;1.50;3.30
522;2010;1.80;1.50;3.30
522;2011;1.80;1.50;3.30
522;2013;1.80;1.50;3.30
5221;2010;1.00;1.10;2.10
5221;2011;1.00;1.10;2.10
5221;2013;1.00;1.10;2.10
5222;2010;1.80;1.50;3.30
5222;2011;1.80;1.50;3.30
5222;2013;1.80;1.50;3.30
5223;2010;1.80;1.50;3.30
5223;2011;1.80;1.50;3.30
5223;2013;1.80;1.50;3.30
5224;2010;1.80;1.50;3.30
5224;2011;1.80;1.50;3.30
5224;2013;1.80;1.50;3.30
5229;2010;1.80;1.50;3.30
5229;2011;1.80;1.50;3.30
5229;2013;1.80;1.50;3.30
53;2010;0.95;0.70;1.65
53;2011;0.95;0.70;1.65
53;2013;1.00;0.75;1.75
531;2010;0.95;0.70;1.65
531;2011;0.95;0.70;1.65
531;2013;1.00;0.75;1.75
5310;2010;0.95;0.70;1.65
5310;2011;0.95;0.70;1.65
5310;2013;1.00;0.75;1.75
532;2010;0.95;0.70;1.65
532;2011;0.95;0.70;1.65
532;2013;1.00;0.75;1.75
5320;2010;0.95;0.70;1.65
5320;2011;0.95;0.70;1.65
5320;2013;1.00;0.75;1.75
55;2010;0.75;0.50;1.25
55;2011;0.75;0.50;1.25
55;2013;0.75;0.50;1.25
551;2010;0.75;0.50;1.25
551;2011;0.75;0.50;1.25
551;2013;0.75;0.50;1.25
5510;2010;0.75;0.50;1.25
5510;2011;0.75;0.50;1.25
5510;2013;0.75;0.50;1.25
552;2010;0.75;0.50;1.25
552;2011;0.75;0.50;1.25
552;2013;0.75;0.50;1.25
5520;2010;0.75;0.50;1.25
5520;2011;0.75;0.50;1.25
5520;2013;0.75;0.50;1.25
553;2010;0.75;0.50;1.25
553;2011;0.75;0.50;1.25
553;2013;0.75;0.50;1.25
5530;2010;0.75;0.50;1.25
5530;2011;0.75;0.50;1.25
5530;2013;0.75;0.50;1.25
559;2010;0.75;0.50;1.25
559;2011;0.75;0.50;1.25
559;2013;0.75;0.50;1.25
5590;2010;0.75;0.50;1.25
5590;2011;0.75;0.50;1.25
5590;2013;0.75;0.50;1.25
56;2010;0.75;0.50;1.25
56;2011;0.75;0.50;1.25
56;2013;0.75;0.50;1.25
561;2010;0.75;0.50;1.25
561;2011;0.75;0.50;1.25
561;2013;0.75;0.50;1.25
5610;2010;0.75;0.50;1.25
5610;2011;0.75;0.50;1.25
5610;2013;0.75;0.50;1.25
562;2010;0.75;0.50;1.25
562;2011;0.75;0.50;1.25
562;2013;0.75;0.50;1.25
5621;2010;0.75;0.50;1.25
5621;2011;0.75;0.50;1.25
5621;2013;0.75;0.50;1.25
5629;2010;0.75;0.50;1.25
5629;2011;0.75;0.50;1.25
5629;2013;0.75;0.50;1.25
563;2010;0.75;0.50;1.25
563;2011;0.75;0.50;1.25
563;2013;0.75;0.50;1.25
5630;2010;0.75;0.50;1.25
5630;2011;0.75;0.50;1.25
5630;2013;0.75;0.50;1.25
58;2010;0.65;1.00;1.65
58;2011;0.65;1.00;1.65
58;2013;0.65;1.00;1.65
581;2010;0.65;1.00;1.65
581;2011;0.65;1.00;1.65
581;2013;0.65;1.00;1.65
5811;2010;0.65;1.00;1.65
5811;2011;0.65;1.00;1.65
5811;2013;0.65;1.00;1.65
5812;2010;0.65;1.00;1.65
5812;2011;0.65;1.00;1.65
5812;2013;0.65;1.00;1.65
5813;2010;0.65;1.00;1.65
5813;2011;0.65;1.00;1.65
5813;2013;0.65;1.00;1.65
5814;2010;0.65;1.00;1.65
5814;2011;0.65;1.00;1.65
5814;2013;0.65;1.00;1.65
5819;2010;0.65;1.00;1.65
5819;2011;0.65;1.00;1.65
5819;2013;0.65;1.00;1.65
582;2010;0.65;1.00;1.65
582;2011;0.65;1.00;1.65
582;2013;0.65;1.00;1.65
5821;2010;0.65;1.00;1.65
5821;2011;0.65;1.00;1.65
5821;2013;0.65;1.00;1.65
5829;2010;0.65;1.00;1.65
5829;2011;0.65;1.00;1.65
5829;2013;0.65;1.00;1.65
59;2010;0.75;0.50;1.25
59;2011;0.75;0.50;1.25
59;2013;0.75;0.50;1.25
591;2010;0.75;0.50;1.25
591;2011;0.75;0.50;1.25
591;2013;0.75;0.50;1.25
5912;2010;0.75;0.50;1.25
5912;2011;0.75;0.50;1.25
5912;2013;0.75;0.50;1.25
5914;2010;0.75;0.50;1.25
5914;2011;0.75;0.50;1.25
5914;2013;0.75;0.50;1.25
5915;2010;0.75;0.50;1.25
5915;2011;0.75;0.50;1.25
5915;2013;0.75;0.50;1.25
5916;2010;0.75;0.50;1.25
5916;2011;0.75;0.50;1.25
5916;2013;0.75;0.50;1.25
5917;2010;0.75;0.50;1.25
5917;2011;0.75;0.50;1.25
5917;2013;0.75;0.50;1.25
5918;2010;0.75;0.50;1.25
5918;2011;0.75;0.50;1.25
5918;2013;0.75;0.50;1.25
592;2010;0.75;0.50;1.25
592;2011;0.75;0.50;1.25
592;2013;0.75;0.50;1.25
5920;2010;0.75;0.50;1.25
5920;2011;0.75;0.50;1.25
5920;2013;0.75;0.50;1.25
60;2010;0.75;0.50;1.25
60;2011;0.75;0.50;1.25
60;2013;0.75;0.50;1.25
601;2010;0.75;0.50;1.25
601;2011;0.75;0.50;1.25
601;2013;0.75;0.50;1.25
6010;2010;0.75;0.50;1.25
6010;2011;0.75;0.50;1.25
6010;2013;0.75;0.50;1.25
602;2010;0.75;0.50;1.25
602;2011;0.75;0.50;1.25
602;2013;0.75;0.50;1.25
6020;2010;0.75;0.50;1.25
6020;2011;0.75;0.50;1.25
6020;2013;0.75;0.50;1.25
61;2010;0.70;0.70;1.40
61;2011;0.70;0.70;1.40
61;2013;0.70;0.70;1.40
611;2010;0.70;0.70;1.40
611;2011;0.70;0.70;1.40
611;2013;0.70;0.70;1.40
6110;2010;0.70;0.70;1.40
6110;2011;0.70;0.70;1.40
6110;2013;0.70;0.70;1.40
612;2010;0.70;0.70;1.40
612;2011;0.70;0.70;1.40
612;2013;0.70;0.70;1.40
6120;2010;0.70;0.70;1.40
6120;2011;0.70;0.70;1.40
6120;2013;0.70;0.70;1.40
613;2010;0.70;0.70;1.40
613;2011;0.70;0.70;1.40
613;2013;0.70;0.70;1.40
6130;2010;0.70;0.70;1.40
6130;2011;0.70;0.70;1.40
6130;2013;0.70;0.70;1.40
619;2010;0.70;0.70;1.40
619;2011;0.70;0.70;1.40
619;2013;0.70;0.70;1.40
6190;2010;0.70;0.70;1.40
6190;2011;0.70;0.70;1.40
6190;2013;0.70;0.70;1.40
62;2010;0.65;1.00;1.65
62;2011;0.65;1.00;1.65
62;2013;0.65;1.00;1.65
620;2010;0.65;1.00;1.65
620;2011;0.65;1.00;1.65
620;2013;0.65;1.00;1.65
6201;2010;0.65;1.00;1.65
6201;2011;0.65;1.00;1.65
6201;2013;0.65;1.00;1.65
6202;2010;0.65;1.00;1.65
6202;2011;0.65;1.00;1.65
6202;2013;0.65;1.00;1.65
6203;2010;0.65;1.00;1.65
6203;2011;0.65;1.00;1.65
6203;2013;0.65;1.00;1.65
6209;2010;0.65;1.00;1.65
6209;2011;0.65;1.00;1.65
6209;2013;0.65;1.00;1.65
63;2010;0.65;1.00;1.65
63;2011;0.65;1.00;1.65
63;2013;0.65;1.00;1.65
631;2010;0.65;1.00;1.65
631;2011;0.65;1.00;1.65
631;2013;0.65;1.00;1.65
6311;2010;0.65;1.00;1.65
6311;2011;0.65;1.00;1.65
6311;2013;0.65;1.00;1.65
6312;2010;0.65;1.00;1.65
6312;2011;0.65;1.00;1.65
6312;2013;0.65;1.00;1.65
639;2010;0.65;1.00;1.65
639;2011;0.65;1.00;1.65
639;2013;0.65;1.00;1.65
6391;2010;0.75;0.50;1.25
6391;2011;0.75;0.50;1.25
6391;2013;0.75;0.50;1.25
6399;2010;0.65;1.00;1.65
6399;2011;0.65;1.00;1.65
6399;2013;0.65;1.00;1.65
64;2010;0.65;0.35;1.00
64;2011;0.65;0.35;1.00
64;2013;0.65;0.35;1.00
641;2010;0.65;0.35;1.00
641;2011;0.65;0.35;1.00
641;2013;0.65;0.35;1.00
6411;2010;0.65;0.35;1.00
6411;2011;0.65;0.35;1.00
6411;2013;0.65;0.35;1.00
6419;2010;0.65;0.35;1.00
6419;2011;0.65;0.35;1.00
6419;2013;0.65;0.35;1.00
642;2010;0.65;0.35;1.00
642;2011;0.65;0.35;1.00
642;2013;0.65;0.35;1.00
6420;2010;0.65;0.35;1.00
6420;2011;0.65;0.35;1.00
6420;2013;0.65;0.35;1.00
643;2010;0.65;0.35;1.00
643;2011;0.65;0.35;1.00
643;2013;0.65;0.35;1.00
6430;2010;0.65;0.35;1.00
6430;2011;0.65;0.35;1.00
6430;2013;0.65;0.35;1.00
649;2010;0.65;0.35;1.00
649;2011;0.65;0.35;1.00
649;2013;0.65;0.35;1.00
6491;2010;0.65;0.35;1.00
6491;2011;0.65;0.35;1.00
6491;2013;0.65;0.35;1.00
6492;2010;0.65;0.35;1.00
6492;2011;0.65;0.35;1.00
6492;2013;0.65;0.35;1.00
6499;2010;0.65;0.35;1.00
6499;2011;0.65;0.35;1.00
6499;2013;0.65;0.35;1.00
65;2010;0.65;0.35;1.00
65;2011;0.65;0.35;1.00
65;2013;0.65;0.35;1.00
651;2010;0.65;0.35;1.00
651;2011;0.65;0.35;1.00
651;2013;0.65;0.35;1.00
6511;2010;0.65;0.35;1.00
6511;2011;0.65;0.35;1.00
6511;2013;0.65;0.35;1.00
6512;2010;0.65;0.35;1.00
6512;2011;0.65;0.35;1.00
6512;2013;0.65;0.35;1.00
652;2010;0.65;0.35;1.00
652;2011;0.65;0.35;1.00
652;2013;0.65;0.35;1.00
6520;2010;0.65;0.35;1.00
6520;2011;0.65;0.35;1.00
6520;2013;0.65;0.35;1.00
653;2010;0.65;0.35;1.00
653;2011;0.65;0.35;1.00
653;2013;0.65;0.35;1.00
6530;2010;0.65;0.35;1.00
6530;2011;0.65;0.35;1.00
6530;2013;0.65;0.35;1.00
66;2010;0.65;0.35;1.00
66;2011;0.65;0.35;1.00
66;2013;0.65;0.35;1.00
661;2010;0.65;0.35;1.00
661;2011;0.65;0.35;1.00
661;2013;0.65;0.35;1.00
6611;2010;0.65;0.35;1.00
6611;2011;0.65;0.35;1.00
6611;2013;0.65;0.35;1.00
6612;2010;0.65;0.35;1.00
6612;2011;0.65;0.35;1.00
6612;2013;0.65;0.35;1.00
6619;2010;0.65;0.35;1.00
6619;2011;0.65;0.35;1.00
6619;2013;0.65;0.35;1.00
662;2010;0.65;0.35;1.00
662;2011;0.65;0.35;1.00
662;2013;0.65;0.35;1.00
6621;2010;0.65;0.35;1.00
6621;2011;0.65;0.35;1.00
6621;2013;0.65;0.35;1.00
6622;2010;0.65;0.35;1.00
6622;2011;0.65;0.35;1.00
6622;2013;0.65;0.35;1.00
6629;2010;0.65;0.35;1.00
6629;2011;0.65;0.35;1.00
6629;2013;0.65;0.35;1.00
663;2010;0.65;0.35;1.00
663;2011;0.65;0.35;1.00
663;2013;0.65;0.35;1.00
6630;2010;0.65;0.35;1.00
6630;2011;0.65;0.35;1.00
6630;2013;0.65;0.35;1.00
68;2010;0.65;1.00;1.65
68;2011;0.65;1.00;1.65
68;2013;0.65;1.00;1.65
681;2010;0.65;1.00;1.65
681;2011;0.65;1.00;1.65
681;2013;0.65;1.00;1.65
6810;2010;0.65;1.00;1.65
6810;2011;0.65;1.00;1.65
6810;2013;0.65;1.00;1.65
682;2010;0.65;1.00;1.65
682;2011;0.65;1.00;1.65
682;2013;0.65;1.00;1.65
6820;2010;0.65;1.00;1.65
6820;2011;0.65;1.00;1.65
6820;2013;0.65;1.00;1.65
683;2010;0.65;1.00;1.65
683;2011;0.65;1.00;1.65
683;2013;0.65;1.00;1.65
6831;2010;0.65;1.00;1.65
6831;2011;0.65;1.00;1.65
6831;2013;0.65;1.00;1.65
6832;2010;0.65;1.00;1.65
6832;2011;0.65;1.00;1.65
6832;2013;0.65;1.00;1.65
69;2010;0.65;1.00;1.65
69;2011;0.65;1.00;1.65
69;2013;0.65;1.00;1.65
691;2010;0.65;1.00;1.65
691;2011;0.65;1.00;1.65
691;2013;0.65;1.00;1.65
6910;2010;0.65;1.00;1.65
6910;2011;0.65;1.00;1.65
6910;2013;0.65;1.00;1.65
692;2010;0.65;1.00;1.65
692;2011;0.65;1.00;1.65
692;2013;0.65;1.00;1.65
6920;2010;0.65;1.00;1.65
6920;2011;0.65;1.00;1.65
6920;2013;0.65;1.00;1.65
70;2010;1.00;0.80;1.80
70;2011;1.00;0.80;1.80
70;2013;1.00;0.80;1.80
701;2010;1.00;0.80;1.80
701;2011;1.00;0.80;1.80
701;2013;1.00;0.80;1.80
7010;2010;1.00;0.80;1.80
7010;2011;1.00;0.80;1.80
7010;2013;1.00;0.80;1.80
702;2010;1.00;0.80;1.80
702;2011;1.00;0.80;1.80
702;2013;1.00;0.80;1.80
7021;2010;1.00;0.80;1.80
7021;2011;1.00;0.80;1.80
7021;2013;1.00;0.80;1.80
7022;2010;1.00;0.80;1.80
7022;2011;1.00;0.80;1.80
7022;2013;1.00;0.80;1.80
71;2010;0.65;1.00;1.65
71;2011;0.65;1.00;1.65
71;2013;0.65;1.00;1.65
711;2010;0.65;1.00;1.65
711;2011;0.65;1.00;1.65
711;2013;0.65;1.00;1.65
7111;2010;0.65;1.00;1.65
7111;2011;0.65;1.00;1.65
7111;2013;0.65;1.00;1.65
7112;2010;0.65;1.00;1.65
7112;2011;0.65;1.00;1.65
7112;2013;0.65;1.00;1.65
712;2010;0.65;1.00;1.65
712;2011;0.65;1.00;1.65
712;2013;0.65;1.00;1.65
7120;2010;0.65;1.00;1.65
7120;2011;0.65;1.00;1.65
7120;2013;0.65;1.00;1.65
72;2010;0.65;0.35;1.00
72;2011;0.65;0.35;1.00
72;2013;0.65;0.35;1.00
721;2010;0.65;0.35;1.00
721;2011;0.65;0.35;1.00
721;2013;0.65;0.35;1.00
7211;2010;0.65;0.35;1.00
7211;2011;0.65;0.35;1.00
7211;2013;0.65;0.35;1.00
7219;2010;0.65;0.35;1.00
7219;2011;0.65;0.35;1.00
7219;2013;0.65;0.35;1.00
722;2010;0.65;0.35;1.00
722;2011;0.65;0.35;1.00
722;2013;0.65;0.35;1.00
7220;2010;0.65;0.35;1.00
7220;2011;0.65;0.35;1.00
7220;2013;0.65;0.35;1.00
73;2010;0.90;0.80;1.70
73;2011;0.90;0.80;1.70
73;2013;0.90;0.80;1.70
731;2010;0.90;0.80;1.70
731;2011;0.90;0.80;1.70
731;2013;0.90;0.80;1.70
7311;2010;0.90;0.80;1.70
7311;2011;0.90;0.80;1.70
7311;2013;0.90;0.80;1.70
7312;2010;0.90;0.80;1.70
7312;2011;0.90;0.80;1.70
7312;2013;0.90;0.80;1.70
732;2010;0.90;0.80;1.70
732;2011;0.90;0.80;1.70
732;2013;0.90;0.80;1.70
7320;2010;0.90;0.80;1.70
7320;2011;0.90;0.80;1.70
7320;2013;0.90;0.80;1.70
74;2010;0.90;0.85;1.75
74;2011;0.90;0.85;1.75
74;2013;0.90;0.85;1.75
741;2010;0.90;0.85;1.75
741;2011;0.90;0.85;1.75
741;2013;0.90;0.85;1.75
7410;2010;0.90;0.85;1.75
7410;2011;0.90;0.85;1.75
7410;2013;0.90;0.85;1.75
742;2010;0.50;0.40;0.90
742;2011;0.50;0.40;0.90
742;2013;0.50;0.40;0.90
7420;2010;0.50;0.40;0.90
7420;2011;0.50;0.40;0.90
7420;2013;0.50;0.40;0.90
743;2010;0.90;0.85;1.75
743;2011;0.90;0.85;1.75
743;2013;0.90;0.85;1.75
7430;2010;0.90;0.85;1.75
7430;2011;0.90;0.85;1.75
7430;2013;0.90;0.85;1.75
749;2010;0.90;0.85;1.75
749;2011;0.90;0.85;1.75
749;2013;0.90;0.85;1.75
7490;2010;0.90;0.85;1.75
7490;2011;0.90;0.85;1.75
7490;2013;0.90;0.85;1.75
75;2010;1.50;1.10;2.60
75;2011;1.50;1.10;2.60
75;2013;1.50;1.10;2.60
750;2010;1.50;1.10;2.60
750;2011;1.50;1.10;2.60
750;2013;1.50;1.10;2.60
7500;2010;1.50;1.10;2.60
7500;2011;1.50;1.10;2.60
7500;2013;1.50;1.10;2.60
77;2010;1.00;1.00;2.00
77;2011;1.00;1.00;2.00
77;2013;1.00;1.00;2.00
771;2010;1.00;1.00;2.00
771;2011;1.00;1.00;2.00
771;2013;1.00;1.00;2.00
7711;2010;1.00;1.00;2.00
7711;2011;1.00;1.00;2.00
7711;2013;1.00;1.00;2.00
7712;2010;1.00;1.00;2.00
7712;2011;1.00;1.00;2.00
7712;2013;1.00;1.00;2.00
772;2010;1.00;1.00;2.00
772;2011;1.00;1.00;2.00
772;2013;1.00;1.00;2.00
7721;2010;1.00;1.00;2.00
7721;2011;1.00;1.00;2.00
7721;2013;1.00;1.00;2.00
7722;2010;1.00;1.00;2.00
7722;2011;1.00;1.00;2.00
7722;2013;1.00;1.00;2.00
7729;2010;1.00;1.00;2.00
7729;2011;1.00;1.00;2.00
7729;2013;1.00;1.00;2.00
773;2010;1.00;1.00;2.00
773;2011;1.00;1.00;2.00
773;2013;1.00;1.00;2.00
7731;2010;1.00;1.00;2.00
7731;2011;1.00;1.00;2.00
7731;2013;1.00;1.00;2.00
7732;2010;1.00;1.00;2.00
7732;2011;1.00;1.00;2.00
7732;2013;1.00;1.00;2.00
7733;2010;1.00;1.00;2.00
7733;2011;1.00;1.00;2.00
7733;2013;1.00;1.00;2.00
7734;2010;1.00;1.00;2.00
7734;2011;1.00;1.00;2.00
7734;2013;1.00;1.00;2.00
7735;2010;1.00;1.00;2.00
7735;2011;1.00;1.00;2.00
7735;2013;1.00;1.00;2.00
7739;2010;1.00;1.00;2.00
7739;2011;1.00;1.00;2.00
7739;2013;1.00;1.00;2.00
774;2010;1.00;1.00;2.00
774;2011;1.00;1.00;2.00
774;2013;1.00;1.00;2.00
7740;2010;1.00;1.00;2.00
7740;2011;1.00;1.00;2.00
7740;2013;1.00;1.00;2.00
78;2010;1.55;1.20;2.75
78;2011;1.55;1.20;2.75
78;2013;1.55;1.20;2.75
781;2010;0.95;1.00;1.95
781;2011;0.95;1.00;1.95
781;2013;0.95;1.00;1.95
7810;2010;0.95;1.00;1.95
7810;2011;0.95;1.00;1.95
7810;2013;0.95;1.00;1.95
782;2010;1.55;1.20;2.75
782;2011;1.55;1.20;2.75
782;2013;1.55;1.20;2.75
7820;2010;1.55;1.20;2.75
7820;2011;1.55;1.20;2.75
7820;2013;1.55;1.20;2.75
783;2010;1.55;1.20;2.75
783;2011;1.55;1.20;2.75
783;2013;1.55;1.20;2.75
7830;2010;1.55;1.20;2.75
7830;2011;1.55;1.20;2.75
7830;2013;1.55;1.20;2.75
79;2010;0.80;0.70;1.50
79;2011;0.80;0.70;1.50
79;2013;0.80;0.70;1.50
791;2010;0.80;0.70;1.50
791;2011;0.80;0.70;1.50
791;2013;0.80;0.70;1.50
7911;2010;0.80;0.70;1.50
7911;2011;0.80;0.70;1.50
7911;2013;0.80;0.70;1.50
7912;2010;0.80;0.70;1.50
7912;2011;0.80;0.70;1.50
7912;2013;0.80;0.70;1.50
799;2010;0.80;0.70;1.50
799;2011;0.80;0.70;1.50
799;2013;0.80;0.70;1.50
7990;2010;0.80;0.70;1.50
7990;2011;0.80;0.70;1.50
7990;2013;0.80;0.70;1.50
80;2010;1.40;2.20;3.60
80;2011;1.40;2.20;3.60
80;2013;1.40;2.20;3.60
801;2010;1.40;2.20;3.60
801;2011;1.40;2.20;3.60
801;2013;1.40;2.20;3.60
8010;2010;1.40;2.20;3.60
8010;2011;1.40;2.20;3.60
8010;2013;1.40;2.20;3.60
802;2010;1.40;2.20;3.60
802;2011;1.40;2.20;3.60
802;2013;1.40;2.20;3.60
8020;2010;1.40;2.20;3.60
8020;2011;1.40;2.20;3.60
8020;2013;1.40;2.20;3.60
803;2010;1.40;2.20;3.60
803;2011;1.40;2.20;3.60
803;2013;1.40;2.20;3.60
8030;2010;1.40;2.20;3.60
8030;2011;1.40;2.20;3.60
8030;2013;1.40;2.20;3.60
81;2010;2.10;1.50;3.60
81;2011;2.10;1.50;3.60
81;2013;2.10;1.50;3.60
811;2010;1.00;0.85;1.85
811;2011;1.00;0.85;1.85
811;2013;1.00;0.85;1.85
8110;2010;1.00;0.85;1.85
8110;2011;1.00;0.85;1.85
8110;2013;1.00;0.85;1.85
812;2010;2.10;1.50;3.60
812;2011;2.10;1.50;3.60
812;2013;2.10;1.50;3.60
8121;2010;2.10;1.50;3.60
8121;2011;2.10;1.50;3.60
8121;2013;2.10;1.50;3.60
8122;2010;2.10;1.50;3.60
8122;2011;2.10;1.50;3.60
8122;2013;2.10;1.50;3.60
8129;2010;2.10;1.50;3.60
8129;2011;2.10;1.50;3.60
8129;2013;2.10;1.50;3.60
813;2010;2.10;1.50;3.60
813;2011;2.10;1.50;3.60
813;2013;2.10;1.50;3.60
8130;2010;2.10;1.50;3.60
8130;2011;2.10;1.50;3.60
8130;2013;2.10;1.50;3.60
82;2010;1.00;1.05;2.05
82;2011;1.00;1.05;2.05
82;2013;1.00;1.05;2.05
821;2010;1.00;1.05;2.05
821;2011;1.00;1.05;2.05
821;2013;1.00;1.05;2.05
8211;2010;1.00;1.05;2.05
8211;2011;1.00;1.05;2.05
8211;2013;1.00;1.05;2.05
8219;2010;1.00;1.05;2.05
8219;2011;1.00;1.05;2.05
8219;2013;1.00;1.05;2.05
822;2010;1.00;1.05;2.05
822;2011;1.00;1.05;2.05
822;2013;1.00;1.05;2.05
8220;2010;0.70;0.70;1.40
8220;2011;0.70;0.70;1.40
8220;2013;0.70;0.70;1.40
823;2010;1.00;1.05;2.05
823;2011;1.00;1.05;2.05
823;2013;1.00;1.05;2.05
8230;2010;1.00;1.05;2.05
8230;2011;1.00;1.05;2.05
8230;2013;1.00;1.05;2.05
829;2010;1.00;1.05;2.05
829;2011;1.00;1.05;2.05
829;2013;1.00;1.05;2.05
8291;2010;1.00;1.05;2.05
8291;2011;1.00;1.05;2.05
8291;2013;1.00;1.05;2.05
8292;2010;1.80;1.50;3.30
8292;2011;1.80;1.50;3.30
8292;2013;1.80;1.50;3.30
8299;2010;1.00;1.05;2.05
8299;2011;1.00;1.05;2.05
8299;2013;1.00;1.05;2.05
84;2010;0.65;1.00;1.65
84;2011;0.65;1.00;1.65
84;2013;0.65;1.00;1.65
841;2010;0.65;1.00;1.65
841;2011;0.65;1.00;1.65
841;2013;0.65;1.00;1.65
8411;2010;0.65;1.00;1.65
8411;2011;0.65;1.00;1.65
8411;2013;0.65;1.00;1.65
8412;2010;0.65;1.00;1.65
8412;2011;0.65;1.00;1.65
8412;2013;0.65;1.00;1.65
8413;2010;0.65;1.00;1.65
8413;2011;0.65;1.00;1.65
8413;2013;0.65;1.00;1.65
842;2010;1.40;2.20;3.60
842;2011;1.40;2.20;3.60
842;2013;1.40;2.20;3.60
8421;2010;1.40;2.20;3.60
8421;2011;1.40;2.20;3.60
8421;2013;1.40;2.20;3.60
8422;2010;1.40;2.20;3.60
8422;2011;1.40;2.20;3.60
8422;2013;1.40;2.20;3.60
8423;2010;1.40;2.20;3.60
8423;2011;1.40;2.20;3.60
8423;2013;1.40;2.20;3.60
8424;2010;1.40;2.20;3.60
8424;2011;1.40;2.20;3.60
8424;2013;1.40;2.20;3.60
8425;2010;1.40;2.20;3.60
8425;2011;1.40;2.20;3.60
8425;2013;1.40;2.20;3.60
843;2010;0.65;1.00;1.65
843;2011;0.65;1.00;1.65
843;2013;0.65;1.00;1.65
8430;2010;0.65;1.00;1.65
8430;2011;0.65;1.00;1.65
8430;2013;0.65;1.00;1.65
85;2010;0.65;0.35;1.00
85;2011;0.65;0.35;1.00
85;2013;0.65;0.35;1.00
851;2010;0.65;0.35;1.00
851;2011;0.65;0.35;1.00
851;2013;0.65;0.35;1.00
8510;2010;0.65;0.35;1.00
8510;2011;0.65;0.35;1.00
8510;2013;0.65;0.35;1.00
852;2010;0.65;0.35;1.00
852;2011;0.65;0.35;1.00
852;2013;0.65;0.35;1.00
8520;2010;0.65;0.35;1.00
8520;2011;0.65;0.35;1.00
8520;2013;0.65;0.35;1.00
853;2010;0.65;0.35;1.00
853;2011;0.65;0.35;1.00
853;2013;0.65;0.35;1.00
8531;2010;0.65;0.35;1.00
8531;2011;0.65;0.35;1.00
8531;2013;0.65;0.35;1.00
8532;2010;0.65;0.35;1.00
8532;2011;0.65;0.35;1.00
8532;2013;0.65;0.35;1.00
854;2010;0.65;0.35;1.00
854;2011;0.65;0.35;1.00
854;2013;0.65;0.35;1.00
8541;2010;0.65;0.35;1.00
8541;2011;0.65;0.35;1.00
8541;2013;0.65;0.35;1.00
8543;2010;0.65;0.35;1.00
8543;2011;0.65;0.35;1.00
8543;2013;0.65;0.35;1.00
8544;2010;0.65;0.35;1.00
8544;2011;0.65;0.35;1.00
8544;2013;0.65;0.35;1.00
855;2010;0.65;0.35;1.00
855;2011;0.65;0.35;1.00
855;2013;0.65;0.35;1.00
8551;2010;0.65;0.35;1.00
8551;2011;0.65;0.35;1.00
8551;2013;0.65;0.35;1.00
8552;2010;0.65;0.35;1.00
8552;2011;0.65;0.35;1.00
8552;2013;0.65;0.35;1.00
8553;2010;0.65;0.35;1.00
8553;2011;0.65;0.35;1.00
8553;2013;0.65;0.35;1.00
8559;2010;0.65;0.35;1.00
8559;2011;0.65;0.35;1.00
8559;2013;0.65;0.35;1.00
856;2010;0.65;0.35;1.00
856;2011;0.65;0.35;1.00
856;2013;0.65;0.35;1.00
8560;2010;0.65;0.35;1.00
8560;2011;0.65;0.35;1.00
8560;2013;0.65;0.35;1.00
86;2010;0.80;0.70;1.50
86;2011;0.80;0.70;1.50
86;2013;0.80;0.70;1.50
861;2010;0.80;0.70;1.50
861;2011;0.80;0.70;1.50
861;2013;0.80;0.70;1.50
8610;2010;0.80;0.70;1.50
8610;2011;0.80;0.70;1.50
8610;2013;0.80;0.70;1.50
862;2010;0.80;0.70;1.50
862;2011;0.80;0.70;1.50
862;2013;0.80;0.70;1.50
8621;2010;0.80;0.70;1.50
8621;2011;0.80;0.70;1.50
8621;2013;0.80;0.70;1.50
8622;2010;0.80;0.70;1.50
8622;2011;0.80;0.70;1.50
8622;2013;0.80;0.70;1.50
8623;2010;0.80;0.70;1.50
8623;2011;0.80;0.70;1.50
8623;2013;0.80;0.70;1.50
869;2010;0.80;0.70;1.50
869;2011;0.80;0.70;1.50
869;2013;0.95;0.80;1.75
8690;2010;0.80;0.70;1.50
8690;2011;0.80;0.70;1.50
8690;2013;0.95;0.80;1.75
87;2010;0.80;0.70;1.50
87;2011;0.80;0.70;1.50
87;2013;0.80;0.70;1.50
871;2010;0.80;0.70;1.50
871;2011;0.80;0.70;1.50
871;2013;0.80;0.70;1.50
8710;2010;0.80;0.70;1.50
8710;2011;0.80;0.70;1.50
8710;2013;0.80;0.70;1.50
872;2010;0.80;0.70;1.50
872;2011;0.80;0.70;1.50
872;2013;0.80;0.70;1.50
8720;2010;0.80;0.70;1.50
8720;2011;0.80;0.70;1.50
8720;2013;0.80;0.70;1.50
873;2010;0.80;0.70;1.50
873;2011;0.80;0.70;1.50
873;2013;0.80;0.70;1.50
8731;2010;0.80;0.70;1.50
8731;2011;0.80;0.70;1.50
8731;2013;0.80;0.70;1.50
8732;2010;0.80;0.70;1.50
8732;2011;0.80;0.70;1.50
8732;2013;0.80;0.70;1.50
879;2010;0.80;0.70;1.50
879;2011;0.80;0.70;1.50
879;2013;0.80;0.70;1.50
8790;2010;0.80;0.70;1.50
8790;2011;0.80;0.70;1.50
8790;2013;0.80;0.70;1.50
88;2010;0.80;0.70;1.50
88;2011;0.80;0.70;1.50
88;2013;0.80;0.70;1.50
881;2010;0.80;0.70;1.50
881;2011;0.80;0.70;1.50
881;2013;0.80;0.70;1.50
8811;2010;0.80;0.70;1.50
8811;2011;0.80;0.70;1.50
8811;2013;0.80;0.70;1.50
8812;2010;0.80;0.70;1.50
8812;2011;0.80;0.70;1.50
8812;2013;0.80;0.70;1.50
889;2010;0.80;0.70;1.50
889;2011;0.80;0.70;1.50
889;2013;0.80;0.70;1.50
8891;2010;0.80;0.70;1.50
8891;2011;0.80;0.70;1.50
8891;2013;0.80;0.70;1.50
8899;2010;0.80;0.70;1.50
8899;2011;0.80;0.70;1.50
8899;2013;0.80;0.70;1.50
90;2010;0.75;0.50;1.25
90;2011;0.75;0.50;1.25
90;2013;0.75;0.50;1.25
900;2010;0.75;0.50;1.25
900;2011;0.75;0.50;1.25
900;2013;0.75;0.50;1.25
9001;2010;0.75;0.50;1.25
9001;2011;0.75;0.50;1.25
9001;2013;0.75;0.50;1.25
9002;2010;0.75;0.50;1.25
9002;2011;0.75;0.50;1.25
9002;2013;0.75;0.50;1.25
9003;2010;0.75;0.50;1.25
9003;2011;0.75;0.50;1.25
9003;2013;0.75;0.50;1.25
9004;2010;0.75;0.50;1.25
9004;2011;0.75;0.50;1.25
9004;2013;0.75;0.50;1.25
91;2010;0.75;0.50;1.25
91;2011;0.75;0.50;1.25
91;2013;0.75;0.50;1.25
910;2010;0.75;0.50;1.25
910;2011;0.75;0.50;1.25
910;2013;0.75;0.50;1.25
9102;2010;0.75;0.50;1.25
9102;2011;0.75;0.50;1.25
9102;2013;0.75;0.50;1.25
9103;2010;0.75;0.50;1.25
9103;2011;0.75;0.50;1.25
9103;2013;0.75;0.50;1.25
9104;2010;1.75;1.20;2.95
9104;2011;1.75;1.20;2.95
9104;2013;1.75;1.20;2.95
9105;2010;0.75;0.50;1.25
9105;2011;0.75;0.50;1.25
9105;2013;0.75;0.50;1.25
9106;2010;0.75;0.50;1.25
9106;2011;0.75;0.50;1.25
9106;2013;0.75;0.50;1.25
92;2010;0.75;0.50;1.25
92;2011;0.75;0.50;1.25
92;2013;0.75;0.50;1.25
920;2010;0.75;0.50;1.25
920;2011;0.75;0.50;1.25
920;2013;0.75;0.50;1.25
9200;2010;0.75;0.50;1.25
9200;2011;0.75;0.50;1.25
9200;2013;0.75;0.50;1.25
93;2010;1.70;1.30;3.00
93;2011;1.70;1.30;3.00
93;2013;1.70;1.30;3.00
931;2010;1.70;1.30;3.00
931;2011;1.70;1.30;3.00
931;2013;1.70;1.30;3.00
9311;2010;1.70;1.30;3.00
9311;2011;1.70;1.30;3.00
9311;2013;1.70;1.30;3.00
9312;2010;1.70;1.30;3.00
9312;2011;1.70;1.30;3.00
9312;2013;1.70;1.30;3.00
9313;2010;1.70;1.30;3.00
9313;2011;1.70;1.30;3.00
9313;2013;1.70;1.30;3.00
9319;2010;1.70;1.30;3.00
9319;2011;1.70;1.30;3.00
9319;2013;1.70;1.30;3.00
932;2010;1.70;1.30;3.00
932;2011;1.70;1.30;3.00
932;2013;1.70;1.30;3.00
9321;2010;1.70;1.30;3.00
9321;2011;1.70;1.30;3.00
9321;2013;1.70;1.30;3.00
9329;2010;1.70;1.30;3.00
9329;2011;1.70;1.30;3.00
9329;2013;1.70;1.30;3.00
94;2010;0.65;1.00;1.65
94;2011;0.65;1.00;1.65
94;2013;0.65;1.00;1.65
941;2010;0.65;1.00;1.65
941;2011;0.65;1.00;1.65
941;2013;0.65;1.00;1.65
9411;2010;0.65;1.00;1.65
9411;2011;0.65;1.00;1.65
9411;2013;0.65;1.00;1.65
9412;2010;0.65;1.00;1.65
9412;2011;0.65;1.00;1.65
9412;2013;0.65;1.00;1.65
942;2010;0.65;1.00;1.65
942;2011;0.65;1.00;1.65
942;2013;0.65;1.00;1.65
9420;2010;0.65;1.00;1.65
9420;2011;0.65;1.00;1.65
9420;2013;0.65;1.00;1.65
949;2010;0.65;1.00;1.65
949;2011;0.65;1.00;1.65
949;2013;0.65;1.00;1.65
9491;2010;0.65;1.00;1.65
9491;2011;0.65;1.00;1.65
9491;2013;0.65;1.00;1.65
9492;2010;0.65;1.00;1.65
9492;2011;0.65;1.00;1.65
9492;2013;0.65;1.00;1.65
9499;2010;0.65;1.00;1.65
9499;2011;0.65;1.00;1.65
9499;2013;0.65;1.00;1.65
95;2010;1.50;1.10;2.60
95;2011;1.50;1.10;2.60
95;2013;1.50;1.10;2.60
951;2010;1.50;1.10;2.60
951;2011;1.50;1.10;2.60
951;2013;1.50;1.10;2.60
9511;2010;1.50;1.10;2.60
9511;2011;1.50;1.10;2.60
9511;2013;1.50;1.10;2.60
9512;2010;1.50;1.10;2.60
9512;2011;1.50;1.10;2.60
9512;2013;1.50;1.10;2.60
952;2010;1.50;1.10;2.60
952;2011;1.50;1.10;2.60
952;2013;1.50;1.10;2.60
9521;2010;1.50;1.10;2.60
9521;2011;1.50;1.10;2.60
9521;2013;1.50;1.10;2.60
9522;2010;1.50;1.10;2.60
9522;2011;1.50;1.10;2.60
9522;2013;1.50;1.10;2.60
9523;2010;1.50;1.10;2.60
9523;2011;1.50;1.10;2.60
9523;2013;1.50;1.10;2.60
9524;2010;2.00;1.85;3.85
9524;2011;2.00;1.85;3.85
9524;2013;2.00;1.85;3.85
9525;2010;1.50;1.10;2.60
9525;2011;1.50;1.10;2.60
9525;2013;1.50;1.10;2.60
9529;2010;1.50;1.10;2.60
9529;2011;1.50;1.10;2.60
9529;2013;1.50;1.10;2.60
96;2010;0.80;0.70;1.50
96;2011;0.80;0.70;1.50
96;2013;0.85;0.70;1.55
960;2010;0.80;0.70;1.50
960;2011;0.80;0.70;1.50
960;2013;0.85;0.70;1.55
9601;2010;0.80;0.70;1.50
9601;2011;0.80;0.70;1.50
9601;2013;0.85;0.70;1.55
9602;2010;0.65;0.45;1.10
9602;2011;0.65;0.45;1.10
9602;2013;0.65;0.45;1.10
9603;2010;1.80;1.50;3.30
9603;2011;1.80;1.50;3.30
9603;2013;1.80;1.50;3.30
9604;2010;0.80;0.70;1.50
9604;2011;0.80;0.70;1.50
9604;2013;0.85;0.70;1.55
9609;2010;1.50;1.10;2.60
9609;2011;1.50;1.10;2.60
9609;2013;1.50;1.10;2.60
97;2010;0.65;0.45;1.10
97;2011;0.65;0.45;1.10
97;2013;0.65;0.45;1.10
970;2010;0.65;0.45;1.10
970;2011;0.65;0.45;1.10
970;2013;0.65;0.45;1.10
9700;2010;0.65;0.45;1.10
9700;2011;0.65;0.45;1.10
9700;2013;0.65;0.45;1.10
99;2010;1.60;1.50;3.10
99;2011;1.60;1.50;3.10
99;2013;1.60;1.50;3.10
990;2010;1.60;1.50;3.10
990;2011;1.60;1.50;3.10
990;2013;1.60;1.50;3.10
9900;2010;1.60;1.50;3.10
9900;2011;1.60;1.50;3.10
9900;2013;1.60;1.50;3.10
U;2010;2.85;3.35;6.20
U;2011;2.85;3.35;6.20
U;2013;2.85;3.35;6.20
